Comune,Provincia,Regione,Nome,Osmid,Longitudine,Latitudine
Alpignano,TORINO,Piemonte,,3114648905,7.5235347,45.1003218999999
Beinasco,TORINO,Piemonte,,1936488049,7.602024,45.0034378
Borgaro Torinese,TORINO,Piemonte,,1908206766,7.6577284,45.1530592
Borgaro Torinese,TORINO,Piemonte,,1908206787,7.6563631,45.1517464
Caselle Torinese,TORINO,Piemonte,L'Allegro Frutteto,2974256005,7.7077086,45.1477083999999
Condove,TORINO,Piemonte,La Luna dei Germogli,3049462933,7.3100565,45.1149551999999
Ivrea,TORINO,Piemonte,Il Girasole,2642222068,7.8729608,45.4640374
Ivrea,TORINO,Piemonte,I Sapori dell'Orto,2662079317,7.889317,45.4682328999999
Ivrea,TORINO,Piemonte,Km Zero e..,2666209534,7.8862875,45.4690956999999
Ivrea,TORINO,Piemonte,LA Boutique dell'Agrume,2666209540,7.8866921,45.4694115
Ivrea,TORINO,Piemonte,L'albero della Frutta,2630658526,7.8785862,45.4503441
Ivrea,TORINO,Piemonte,Saurra,2635311076,7.8733203,45.4628471999999
Moncalieri,TORINO,Piemonte,El Cantun delle bonta contadine,2678440540,7.7098403,44.9948416
Pinerolo,TORINO,Piemonte,,2074460099,7.3437769,44.8867193999999
Pinerolo,TORINO,Piemonte,,2076042172,7.3308029,44.8861963
Piverone,TORINO,Piemonte,,3241289212,8.0297505,45.4310979999999
Poirino,TORINO,Piemonte,,2360393655,7.8460194,44.9199989999999
Poirino,TORINO,Piemonte,,2360394260,7.8448822,44.9203636
Poirino,TORINO,Piemonte,,2360423776,7.8484012,44.9237138
Poirino,TORINO,Piemonte,,2360424494,7.8479828,44.9204244
Rivarolo Canavese,TORINO,Piemonte,,1981460551,7.7246047,45.3310062999999
Rivarolo Canavese,TORINO,Piemonte,,1987696586,7.7201169,45.3310030999999
Rivarolo Canavese,TORINO,Piemonte,,2002589627,7.722854,45.3304201999999
Rivarolo Canavese,TORINO,Piemonte,Il Melograno,2000569498,7.7241954,45.3337636999999
Rivarolo Canavese,TORINO,Piemonte,Ortofrutta Carmen,2009599384,7.7241153,45.3287491
Romano Canavese,TORINO,Piemonte,Frutta e Verdura,2919189498,7.8699012,45.3860139
Ronco Canavese,TORINO,Piemonte,Frutta e Verdura da Norma,3842794789,7.5470953,45.4991796999999
San Giorgio Canavese,TORINO,Piemonte,Frutta e Verdura di Matteo,2942678031,7.7956756,45.3358694
San Giorgio Canavese,TORINO,Piemonte,Ortofrutta Da Paola,2942678059,7.7935522,45.3356256
Susa,TORINO,Piemonte,Cerutti e Perino,2790994132,7.0540668,45.1377956999999
Torino,TORINO,Piemonte,,1242093858,7.7134116,45.0970222999999
Torino,TORINO,Piemonte,,1245624354,7.6978628,45.0672916999999
Torino,TORINO,Piemonte,,1278637788,7.7456916,45.1017675
Torino,TORINO,Piemonte,,2049809177,7.6096493,45.0703585999999
Torino,TORINO,Piemonte,,2074883763,7.7046693,45.0911946
Torino,TORINO,Piemonte,,3360126843,7.6400466,45.0394443
Torino,TORINO,Piemonte,,3416683544,7.6610736,45.0786292
Torino,TORINO,Piemonte,,3957940789,7.6716463,45.0420475999999
Torino,TORINO,Piemonte,Canestro di Frutta,3150889090,7.6427821,45.0384947
Torino,TORINO,Piemonte,da Lilli,1466778771,7.6848133,45.0589007
Torino,TORINO,Piemonte,La verduriera,3938039859,7.6447734,45.0814285
Torino,TORINO,Piemonte,Ortoincantato,2594381212,7.6438756,45.0353995999999
Torino,TORINO,Piemonte,Prodotti ortofrutticoli,3343850700,7.6693269,45.0585055999999
Vico Canavese,TORINO,Piemonte,Frutta e Verdura da Mabritto Marisa,3761407355,7.7791405,45.4943402
Vercelli,VERCELLI,Piemonte,Cooperativa Unica Frutta e Verdura,2555486814,8.4218887,45.3254917
Vercelli,VERCELLI,Piemonte,ORTinCITTA',2968790200,8.4054083,45.3347862999999
Gattico,NOVARA,Piemonte,,2129581091,8.5477994,45.7089837999999
Novara,NOVARA,Piemonte,Novarfrut,3977617473,8.60306029999999,45.4384304
Borgo San Dalmazzo,CUNEO,Piemonte,L'orto di Borgo,2467081732,7.4885608,44.3300604
Centallo,CUNEO,Piemonte,,1725711691,7.5931172,44.4612849
Cuneo,CUNEO,Piemonte,Orto del Gallo,3460258745,7.5172776,44.4572255
Dogliani,CUNEO,Piemonte,Pinzimonio,2276779518,7.9473151,44.5328334
Dronero,CUNEO,Piemonte,,3249834606,7.3608231,44.4683949
Robilante,CUNEO,Piemonte,,1710595909,7.5107437,44.2955149
Robilante,CUNEO,Piemonte,,2377542930,7.510855,44.2952748
Roburent,CUNEO,Piemonte,,2445917083,7.8730203,44.2957906999999
Asti,ASTI,Piemonte,Coop. Rava e Fava,3470102882,8.19324059999999,44.9000784999999
Asti,ASTI,Piemonte,L'Ortofrutta,2926420026,8.1985735,44.9068364999999
Asti,ASTI,Piemonte,Ortofrutta Binello Corrado,2922137179,8.2016925,44.9089251999999
Alessandria,ALESSANDRIA,Piemonte,Bottega verde,3294772761,8.6149957,44.9137078999999
Alessandria,ALESSANDRIA,Piemonte,Il Carotone,1887942439,8.61352499999999,44.9152583999999
Alessandria,ALESSANDRIA,Piemonte,Minimarket L'Angolo della frutta,3456136065,8.6103202,44.9135199999999
Alessandria,ALESSANDRIA,Piemonte,Mondo Frutta,3545484858,8.6296476,44.9133951999999
Casale Monferrato,ALESSANDRIA,Piemonte,Ferrero,1037615390,8.4503298,45.133023
Pontecurone,ALESSANDRIA,Piemonte,,2560270871,8.9326715,44.9605255
Pontecurone,ALESSANDRIA,Piemonte,,2560271163,8.933557,44.9613646
Pontecurone,ALESSANDRIA,Piemonte,,2559158059,8.9317624,44.9595099
Voltaggio,ALESSANDRIA,Piemonte,,1757372399,8.8425835,44.6189855
Ayas,AOSTA,Valle d'Aosta,Corsi Luigi,1364801145,7.7254382,45.8324286
Verres,AOSTA,Valle d'Aosta,Frutta-Verdura,3368367477,7.6928525,45.6677377999999
Verres,AOSTA,Valle d'Aosta,Frutta-Verdura,3366216489,7.691326,45.6687470999999
Celle Ligure,SAVONA,Liguria,,1380921339,8.5523123,44.346325
Celle Ligure,SAVONA,Liguria,Mondofrutta,2965203708,8.5435899,44.3425936
Ceriale,SAVONA,Liguria,,2310227395,8.2310826,44.0962020999999
Finale Ligure,SAVONA,Liguria,Fruttivendolo/Alimentari,3035899989,8.3337054,44.1729873
Loano,SAVONA,Liguria,Square Market,2897105218,8.2556782,44.1264077
Noli,SAVONA,Liguria,,2865227536,8.4150584,44.2056594
Noli,SAVONA,Liguria,,2865227538,8.4154844,44.2058392
Sassello,SAVONA,Liguria,,4016556777,8.4865441,44.477248
Savona,SAVONA,Liguria,,3280834553,8.4732204,44.3046554
Savona,SAVONA,Liguria,,3312269888,8.4740463,44.3031751999999
Savona,SAVONA,Liguria,,3421518400,8.4597412,44.3037534999999
Savona,SAVONA,Liguria,,3423377172,8.47932469999999,44.3074172
Savona,SAVONA,Liguria,,3423377174,8.4779908,44.3103029999999
Savona,SAVONA,Liguria,,3423377175,8.4768034,44.3107866
Savona,SAVONA,Liguria,,3423377176,8.4772496,44.3109857999999
Savona,SAVONA,Liguria,,3780158243,8.48064759999999,44.3101052
Savona,SAVONA,Liguria,,3780158246,8.4801576,44.3103592
Savona,SAVONA,Liguria,Fruttivendolo,3421381103,8.45383509999999,44.2955051
Arenzano,GENOVA,Liguria,Il pianeta della frutta,2472126142,8.68037799999999,44.4036158999999
Arenzano,GENOVA,Liguria,Vallarino,2847313055,8.67387989999999,44.4058579
Bargagli,GENOVA,Liguria,Ortofrutta da Ivan,3123739621,9.0868818,44.4485220999999
Busalla,GENOVA,Liguria,,2792876083,8.94458129999999,44.5725024999999
Casarza Ligure,GENOVA,Liguria,,2844728281,9.4521897,44.2737491999999
Cogoleto,GENOVA,Liguria,,1966452953,8.6494351,44.4037638
Genova,GENOVA,Liguria,,1000222665,8.9812973,44.4547789
Genova,GENOVA,Liguria,,1262930519,8.9812466,44.407952
Genova,GENOVA,Liguria,,1346730884,9.0402115,44.3844903999999
Genova,GENOVA,Liguria,,1378788759,8.7717591,44.4288505
Genova,GENOVA,Liguria,,1181174961,8.96541249999999,44.4070007999999
Genova,GENOVA,Liguria,,1483766106,8.95719779999999,44.4226851999999
Genova,GENOVA,Liguria,,1497189962,8.966433,44.4076999999999
Genova,GENOVA,Liguria,,1503355365,8.9690042,44.4130339
Genova,GENOVA,Liguria,,1503355384,8.973689,44.4140177
Genova,GENOVA,Liguria,,1503873015,8.9501688,44.4091031999999
Genova,GENOVA,Liguria,,1504210661,8.9436134,44.4088422
Genova,GENOVA,Liguria,,1505359262,8.97875709999999,44.4085283
Genova,GENOVA,Liguria,,1507746434,8.9843367,44.4033895
Genova,GENOVA,Liguria,,1507663138,8.98229259999999,44.4091244999999
Genova,GENOVA,Liguria,,1530051505,8.9709927,44.4059819
Genova,GENOVA,Liguria,,1533154835,8.8562935,44.4260765
Genova,GENOVA,Liguria,,1535740962,8.8026453,44.4243219999999
Genova,GENOVA,Liguria,,1542919915,8.9540428,44.4029110999999
Genova,GENOVA,Liguria,,1548957631,8.9743372,44.3917603
Genova,GENOVA,Liguria,,1548957671,8.9673485,44.39426
Genova,GENOVA,Liguria,,1577222400,8.8149005,44.4266495
Genova,GENOVA,Liguria,,1578531412,8.8168525,44.4254632999999
Genova,GENOVA,Liguria,,1585013879,8.9482044,44.402853
Genova,GENOVA,Liguria,,1596662539,8.9758596,44.4056032
Genova,GENOVA,Liguria,,1602501785,8.9857497,44.3928627
Genova,GENOVA,Liguria,,1602501796,8.9898579,44.3959933
Genova,GENOVA,Liguria,,1595401833,9.0225841,44.3852005999999
Genova,GENOVA,Liguria,,1333346221,8.880266,44.440325
Genova,GENOVA,Liguria,,1684042799,8.89438859999999,44.4293511999999
Genova,GENOVA,Liguria,,1709807793,8.8111162,44.4292744999999
Genova,GENOVA,Liguria,,1718638102,8.8137361,44.426879
Genova,GENOVA,Liguria,,1741678965,8.951998,44.4140082999999
Genova,GENOVA,Liguria,,1750104775,8.9902212,44.3936605999999
Genova,GENOVA,Liguria,,1777896377,8.9644098,44.4071276
Genova,GENOVA,Liguria,,1967123281,8.9522177,44.4075040999999
Genova,GENOVA,Liguria,,2032681435,8.8703822,44.4156265
Genova,GENOVA,Liguria,,2032681446,8.8697358,44.4155479
Genova,GENOVA,Liguria,,2032779827,8.87015139999999,44.4144750999999
Genova,GENOVA,Liguria,,2032681485,8.86732149999999,44.4153461
Genova,GENOVA,Liguria,,2153096127,8.92927809999999,44.4141515
Genova,GENOVA,Liguria,,2260060329,8.9335351,44.4099070999999
Genova,GENOVA,Liguria,,2281380705,8.9665666,44.4392033
Genova,GENOVA,Liguria,,2290839580,8.92891979999999,44.4088147
Genova,GENOVA,Liguria,,1978422826,9.0067621,44.448041
Genova,GENOVA,Liguria,,2032681413,8.8731664,44.4159025
Genova,GENOVA,Liguria,,1548700371,8.95273459999999,44.4040861
Genova,GENOVA,Liguria,,2315853529,8.7739645,44.4277275
Genova,GENOVA,Liguria,,2333069287,8.7870886,44.4272391
Genova,GENOVA,Liguria,,2333123085,8.7785107,44.4274881999999
Genova,GENOVA,Liguria,,2359294581,8.95757399999999,44.4066067999999
Genova,GENOVA,Liguria,,2381658748,8.9389441,44.4011913
Genova,GENOVA,Liguria,,2387852144,8.9282061,44.4123032999999
Genova,GENOVA,Liguria,,2387852152,8.927648,44.4127482999999
Genova,GENOVA,Liguria,,2425876606,8.89587019999999,44.4137333999999
Genova,GENOVA,Liguria,,2499814272,8.9839609,44.4040798999999
Genova,GENOVA,Liguria,,2656229690,8.9297693,44.4148487
Genova,GENOVA,Liguria,,1132878342,8.96741409999999,44.4199579
Genova,GENOVA,Liguria,,2788725236,8.9551145,44.4103294
Genova,GENOVA,Liguria,,2842510250,8.9568653,44.4156355
Genova,GENOVA,Liguria,,2855821630,8.89411119999999,44.4503921
Genova,GENOVA,Liguria,,2885186121,8.9561139,44.4076147999999
Genova,GENOVA,Liguria,,2885186122,8.9586361,44.4076305
Genova,GENOVA,Liguria,,2315853528,8.77340719999999,44.4280746
Genova,GENOVA,Liguria,,2966793571,8.9325425,44.4096174
Genova,GENOVA,Liguria,,1356620145,8.96522049999999,44.4182293
Genova,GENOVA,Liguria,,1356620146,8.9652219,44.4182358999999
Genova,GENOVA,Liguria,,1475157246,8.935719,44.402346
Genova,GENOVA,Liguria,,3098898629,9.0195345,44.3847117999999
Genova,GENOVA,Liguria,,2015576280,8.8733353,44.4161323
Genova,GENOVA,Liguria,,2032681385,8.8688979,44.4156716999999
Genova,GENOVA,Liguria,,1505359258,8.9789061,44.4082769999999
Genova,GENOVA,Liguria,,3191671142,8.9086694,44.4215301999999
Genova,GENOVA,Liguria,,3398571719,8.96427,44.400226
Genova,GENOVA,Liguria,,1181174940,8.9637896,44.4075216999999
Genova,GENOVA,Liguria,,1532923372,8.9671167,44.4099116
Genova,GENOVA,Liguria,,3512000751,9.03372139999999,44.3852088
Genova,GENOVA,Liguria,,3802530850,8.9302635,44.4068772999999
Genova,GENOVA,Liguria,,3824396230,8.946795,44.4206024
Genova,GENOVA,Liguria,,3824982919,8.9828047,44.3950081999999
Genova,GENOVA,Liguria,,3845814015,8.9027863,44.4994123999999
Genova,GENOVA,Liguria,,1577222404,8.8195455,44.4269672
Genova,GENOVA,Liguria,,4019938779,8.9310887,44.4102821999999
Genova,GENOVA,Liguria,Bezagnin,1452638250,8.9366026,44.4023055999999
Genova,GENOVA,Liguria,Casablanca Omar,3883790295,8.85087399999999,44.4250110999999
Genova,GENOVA,Liguria,Da Lella e Salvatore,3913234976,8.9007877,44.4844739999999
Genova,GENOVA,Liguria,Das hot spice,3115016810,8.8719514,44.4168983
Genova,GENOVA,Liguria,Fruttarelli,1496310849,8.9292598,44.4067374999999
Genova,GENOVA,Liguria,Gioia Frutta,2327954344,8.97052,44.4056082
Genova,GENOVA,Liguria,Il Besagnin di San Nicola,1631794120,8.9308232,44.4199671
Genova,GENOVA,Liguria,Il Falco,3817650659,8.9519748,44.4118769
Genova,GENOVA,Liguria,Il Frutteto,1578531389,8.8144676,44.4247254
Genova,GENOVA,Liguria,La frutta in piazza,3883790291,8.85033649999999,44.4250947999999
Genova,GENOVA,Liguria,L'Ortofrutta,1000222579,8.9804159,44.4542857
Genova,GENOVA,Liguria,Mondo Frutta,3712844944,8.90506169999999,44.4945513999999
Genova,GENOVA,Liguria,Nocera,949001434,8.9835227,44.4544611
Genova,GENOVA,Liguria,Orto di Frutta,1588634073,8.848927,44.4234417999999
Genova,GENOVA,Liguria,Ortofrutta da Cupido,3048486754,8.9043905,44.4960050999999
Genova,GENOVA,Liguria,Ortofrutta Sansi,3787564558,8.9371435,44.4062217999999
Genova,GENOVA,Liguria,Ortofrutta Seidita,2359294579,8.95387569999999,44.4072736999999
Genova,GENOVA,Liguria,Ortofrutta Toretta,1606766971,9.0004085,44.3943208
Genova,GENOVA,Liguria,P Armarino e Figli Frutta Secca,2286177813,8.92901039999999,44.4107138
Genova,GENOVA,Liguria,Sara Frutta,2457230801,8.9690142,44.4135038
Genova,GENOVA,Liguria,Self Frutta,1613528118,8.9566944,44.4142368999999
Genova,GENOVA,Liguria,Tramontana G.,3493463747,8.9564755,44.4070484
Genova,GENOVA,Liguria,Trentina Frutta,3005268799,8.9325049,44.4045197
Genova,GENOVA,Liguria,Union Minimarket,3115016804,8.8729732,44.4158869999999
Mele,GENOVA,Liguria,,1766061926,8.7471118,44.4428732
Moneglia,GENOVA,Liguria,Alimentari,1918975511,9.4905151,44.2390375
Moneglia,GENOVA,Liguria,Alimentari,1918993147,9.4893337,44.2395357999999
Moneglia,GENOVA,Liguria,Alimentari,1918993150,9.48928199999999,44.2404227999999
Recco,GENOVA,Liguria,,2570286226,9.1567177,44.3811905999999
Sant'Olcese,GENOVA,Liguria,,3865378601,8.922226,44.47766
Sant'Olcese,GENOVA,Liguria,Franco Da u Besagnin,3868255848,8.918018,44.4769541
Savignone,GENOVA,Liguria,,2896305516,8.9783035,44.5562328999999
Savignone,GENOVA,Liguria,,2896748618,8.97475279999999,44.5589105999999
Savignone,GENOVA,Liguria,,2917360437,8.9897958,44.5645788
Sori,GENOVA,Liguria,,1891567250,9.1041336,44.3728228
Tiglieto,GENOVA,Liguria,Azienda Agraria Dal Pian,2159862146,8.59490259999999,44.5048786999999
Ameglia,LA SPEZIA,Liguria,,2135857095,9.985908,44.0559182
Levanto,LA SPEZIA,Liguria,,3766353471,9.62033319999999,44.1745337999999
Angera,VARESE,Lombardia,L'Arcobaleno,3977633887,8.5926731,45.7723893
Busto Arsizio,VARESE,Lombardia,,3592894315,8.82910629999999,45.631312
Busto Arsizio,VARESE,Lombardia,L'Albero della Frutta,3851836792,8.8523378,45.6110072999999
Busto Arsizio,VARESE,Lombardia,Ortofrutta Azimonti Rita,3738245725,8.844484,45.6141039999999
Cadrezzate,VARESE,Lombardia,Vendita Mirtilli,307445742,8.6414809,45.780586
Gallarate,VARESE,Lombardia,Al Grande Frutteto,3739539458,8.7979084,45.6577338999999
Gallarate,VARESE,Lombardia,Machecavolo,3062828458,8.7904227,45.6603872999999
Gallarate,VARESE,Lombardia,Sicilia in Frutta,3959816499,8.7946215,45.6590409
Ispra,VARESE,Lombardia,,672971063,8.610776,45.8144366
Leggiuno,VARESE,Lombardia,,2964092095,8.6208361,45.8745896
Mornago,VARESE,Lombardia,Casa degli agrumi,3941762735,8.7539083,45.7473511
Olgiate Olona,VARESE,Lombardia,,1912537466,8.88854199999999,45.6332762999999
Porto Valtravaglia,VARESE,Lombardia,,2925292184,8.680808,45.9607604999999
Sesto Calende,VARESE,Lombardia,,3757287938,8.6337197,45.7242954999999
Sesto Calende,VARESE,Lombardia,L'angolo della frutta,3367490601,8.6367365,45.7304605
Somma Lombardo,VARESE,Lombardia,,2500516652,8.70865809999999,45.6846697
Somma Lombardo,VARESE,Lombardia,Fruttapia,3830316468,8.7223103,45.6790418
Somma Lombardo,VARESE,Lombardia,La Casa degli agrumi,2500531073,8.71099429999999,45.6858352
Varese,VARESE,Lombardia,,3463717527,8.8086953,45.8415754
Viggiu',VARESE,Lombardia,Fruttivendolo,1541223795,8.9087427,45.872019
Cabiate,COMO,Lombardia,Fruttivendolo Borrello Pasquale,3664355086,9.1670781,45.6761452
Carugo,COMO,Lombardia,,3878254958,9.1939917,45.7107292
Cermenate,COMO,Lombardia,,1989796451,9.0770973,45.6996467
Menaggio,COMO,Lombardia,Clerici,1735753991,9.23877839999999,46.0221767999999
San Fedele Intelvi,COMO,Lombardia,Ortofrutta,2535726137,9.06989169999999,45.9699426999999
Valbrona,COMO,Lombardia,Acquistapace Giulio Francesco,3441811802,9.29881589999999,45.8787913
San Siro,COMO,Lombardia,,2019750621,9.2591026,46.0541337
BELLAGIO,COMO,Lombardia,,3826519135,9.26155239999999,45.9806024
Sondrio,SONDRIO,Lombardia,,2575511570,9.8730593,46.1659286
Sondrio,SONDRIO,Lombardia,,2575929232,9.8695418,46.1696
Sondrio,SONDRIO,Lombardia,,2575955928,9.8644324,46.1661361999999
Cinisello Balsamo,MILANO,Lombardia,Casa delle Arance,3634521778,9.2296726,45.5466105
Cormano,MILANO,Lombardia,La casa delle arance,663909698,9.1549345,45.5487211
Cormano,MILANO,Lombardia,Non solo Frutta,652829052,9.1610429,45.5490157999999
Cusago,MILANO,Lombardia,,1341157441,9.0342085,45.4474868
Cusano Milanino,MILANO,Lombardia,,3893780876,9.1858564,45.5479486999999
Magenta,MILANO,Lombardia,,2431218198,8.8828105,45.4617411999999
Magenta,MILANO,Lombardia,,3085397188,8.8812775,45.4654223
Magenta,MILANO,Lombardia,L'oasi della frutta,3033803955,8.8857855,45.4657266
Magenta,MILANO,Lombardia,Ortofrutta elenina,3507387006,8.8779999,45.4652020999999
Milano,MILANO,Lombardia,,593498803,9.186416,45.451711
Milano,MILANO,Lombardia,,607975429,9.17891,45.4415339999999
Milano,MILANO,Lombardia,,1277337397,9.1390896,45.4434526
Milano,MILANO,Lombardia,,1650251050,9.2280932,45.4619937
Milano,MILANO,Lombardia,,2208111067,9.2028687,45.4293061999999
Milano,MILANO,Lombardia,,2215015117,9.2197253,45.4954341999999
Milano,MILANO,Lombardia,,2775875492,9.2270198,45.4816442999999
Milano,MILANO,Lombardia,,3366590156,9.1758811,45.4817736999999
Milano,MILANO,Lombardia,,3371095596,9.1897725,45.4574153
Milano,MILANO,Lombardia,,3758916104,9.19874669999999,45.4830018999999
Milano,MILANO,Lombardia,,3935597018,9.1971527,45.5013502999999
Milano,MILANO,Lombardia,,2584822121,9.19224009999999,45.4589797
Milano,MILANO,Lombardia,Casa della Frutta,3147175274,9.1888767,45.4896122999999
Milano,MILANO,Lombardia,Frutta e Verdura,3563302660,9.2033513,45.4718169
Milano,MILANO,Lombardia,Frutteto Amedeo,3058116233,9.2316366,45.4708406
Milano,MILANO,Lombardia,Frutteto Pacini,2621012536,9.2282671,45.482089
Milano,MILANO,Lombardia,Fruttivendolo Colonnetta,2199853247,9.1992046,45.4628091
Milano,MILANO,Lombardia,Ortoamico,2364483496,9.1599165,45.4288444999999
Milano,MILANO,Lombardia,Todisco,1735769975,9.230275,45.4827865999999
Opera,MILANO,Lombardia,,1635625612,9.2118777,45.3950008999999
Paderno Dugnano,MILANO,Lombardia,Frutta e Verdura,649219645,9.18661,45.56927
Paderno Dugnano,MILANO,Lombardia,Frutta & Verdura,649219512,9.1644232,45.5685878999999
Paderno Dugnano,MILANO,Lombardia,L'urtulan de Dugnan,3526259886,9.1648732,45.5689931
Pero,MILANO,Lombardia,,2173239100,9.0851752,45.5113287
Trezzano sul Naviglio,MILANO,Lombardia,,3364129955,9.0623628,45.4231806
Adrara San Rocco,BERGAMO,Lombardia,Azienda Agricola Chita Elodia,1438242856,9.96571,45.7220833
Azzano San Paolo,BERGAMO,Lombardia,,2798242523,9.6754686,45.6608857
Bergamo,BERGAMO,Lombardia,,1612893593,9.694891,45.7092414
Bergamo,BERGAMO,Lombardia,,1524777637,9.6551361,45.6983973999999
Bergamo,BERGAMO,Lombardia,,1952126567,9.6627538,45.6955595
Bergamo,BERGAMO,Lombardia,,2080591404,9.6820358,45.7129866
Bergamo,BERGAMO,Lombardia,Nava Roberto,3356236935,9.6602694,45.7052133999999
Bergamo,BERGAMO,Lombardia,Ortofrutta I Monelli,1556672969,9.6683269,45.7129795
Brembate di Sopra,BERGAMO,Lombardia,MondoVerde,3429123519,9.5797915,45.7167932999999
Colzate,BERGAMO,Lombardia,,1856885788,9.8562778,45.8161008
Gorle,BERGAMO,Lombardia,,1965902681,9.7214705,45.7051281
Grassobbio,BERGAMO,Lombardia,,2015843868,9.72249489999999,45.6594832999999
Piario,BERGAMO,Lombardia,Siamo al verde,2807887317,9.9231858,45.8932533999999
Piazzatorre,BERGAMO,Lombardia,,1579324774,9.68179559999999,45.9901491999999
Ponte Nossa,BERGAMO,Lombardia,,2845419826,9.8817538,45.8641994999999
Ponte Nossa,BERGAMO,Lombardia,Il melograno,2845419822,9.8821025,45.864263
Ponte Nossa,BERGAMO,Lombardia,Non solo frutta,2841207608,9.882357,45.8629425
Ponte San Pietro,BERGAMO,Lombardia,,1825138142,9.5663822,45.7047414999999
Romano di Lombardia,BERGAMO,Lombardia,Cascina Gasparina di Sopra,3945419251,9.7397238,45.5243202999999
Sovere,BERGAMO,Lombardia,,1908465829,10.0241085,45.8203250999999
Spirano,BERGAMO,Lombardia,Malanchini,1687405365,9.6701526,45.5828299
Villa d'Alme',BERGAMO,Lombardia,,2087600576,9.6152792,45.7469326
Villa di Serio,BERGAMO,Lombardia,Isla Bonita,2592718839,9.7285681,45.7188783
Villa di Serio,BERGAMO,Lombardia,Lecchi,2592718945,9.7335404,45.7255232999999
Bagolino,BRESCIA,Lombardia,MondoFrutta,3637127380,10.5241778,45.8197088
Borno,BRESCIA,Lombardia,Frutta e verdura Pezzali,3043022310,10.2003485,45.9463706
Borno,BRESCIA,Lombardia,Il Frutteto,2997548792,10.2055747,45.9472329
Brescia,BRESCIA,Lombardia,,3354931541,10.2245492,45.5539559999999
Brescia,BRESCIA,Lombardia,,1888546166,10.2297806999999,45.5822337
Brescia,BRESCIA,Lombardia,,3819646829,10.2272654,45.5734155999999
Brescia,BRESCIA,Lombardia,Frutta e Verdura da Ana e Victor,3248454361,10.2207688999999,45.5701450999999
Calvisano,BRESCIA,Lombardia,Azienda Agricola Ferrari Emilio E Figli Vincenzo,3256380783,10.3706105,45.332452
Capriolo,BRESCIA,Lombardia,,1338434280,9.9360879,45.6382738
Capriolo,BRESCIA,Lombardia,,1405431702,9.9301008,45.6398475
Collebeato,BRESCIA,Lombardia,,3905685457,10.2136808,45.5826781999999
Collebeato,BRESCIA,Lombardia,Frutta e Verdura Scaramella,3885159733,10.2155726,45.5848862
Collio,BRESCIA,Lombardia,,3352606387,10.3336207,45.8101746999999
Dello,BRESCIA,Lombardia,,2095054743,10.0729699,45.4178623999999
Gargnano,BRESCIA,Lombardia,,1996670782,10.6628784,45.6880604999999
Leno,BRESCIA,Lombardia,Bresciani,2636789248,10.2201057,45.3695016
Leno,BRESCIA,Lombardia,La grande Mela,2414373997,10.2196532,45.3630125
Limone sul Garda,BRESCIA,Lombardia,,2699931266,10.7928581,45.8148653
Malonno,BRESCIA,Lombardia,,3709849876,10.3189911,46.120784
Montichiari,BRESCIA,Lombardia,Ortofrutta,2560674837,10.3929341999999,45.4149178999999
Montichiari,BRESCIA,Lombardia,Popy's fruit,2328062344,10.3928388,45.4130407999999
Palazzolo sull'Oglio,BRESCIA,Lombardia,Sorelle Pezzoni,1123212225,9.8863503,45.5963965999999
Puegnago sul Garda,BRESCIA,Lombardia,,2885686882,10.5103797,45.5687824
Roe' Volciano,BRESCIA,Lombardia,La Butiga,454915727,10.5004544,45.6279473999999
Roncadelle,BRESCIA,Lombardia,Idea Frutta,3990913978,10.1496871,45.5231290999999
Roncadelle,BRESCIA,Lombardia,Orto Frutta Fresca,3990899184,10.1499045,45.5221074
San Felice del Benaco,BRESCIA,Lombardia,,2833994927,10.5483983,45.5849964
Sirmione,BRESCIA,Lombardia,Lugana Frutta,3530954248,10.6174306,45.4623558999999
Travagliato,BRESCIA,Lombardia,,2811504621,10.0799008,45.5211199
Travagliato,BRESCIA,Lombardia,,1264745472,10.0798584,45.5250406999999
Travagliato,BRESCIA,Lombardia,Costa,1263662529,10.0810201,45.5237665
Travagliato,BRESCIA,Lombardia,Verde Pisello,1252673941,10.0787800999999,45.5239006999999
Villa Carcina,BRESCIA,Lombardia,Paolo Frutta e Verdura,3891487571,10.1998123,45.6316278999999
Godiasco,PAVIA,Lombardia,,2586427807,9.0550919,44.8963704
Pavia,PAVIA,Lombardia,,648972148,9.19166929999999,45.1903719
Ponte Nizza,PAVIA,Lombardia,,1829835665,9.0974146,44.8512369
Ponte Nizza,PAVIA,Lombardia,,2519745635,9.1082429,44.8421036
Vigevano,PAVIA,Lombardia,Carrefour express zeta,2950248650,8.8619512,45.3169656999999
Voghera,PAVIA,Lombardia,,2085153101,9.0079661,44.9753578999999
Voghera,PAVIA,Lombardia,Arnone,1827482304,9.0083262,44.9947376
Acquanegra Cremonese,CREMONA,Lombardia,,3803238117,9.8896922,45.1666809999999
Crema,CREMONA,Lombardia,,1364811605,9.6530062,45.3560734
Crema,CREMONA,Lombardia,,2430136276,9.6792231,45.3554462
Crema,CREMONA,Lombardia,,1113905976,9.6846779,45.3582096
Crema,CREMONA,Lombardia,,2434020575,9.6790806,45.3638897
Crema,CREMONA,Lombardia,,925974819,9.6928845,45.3632525
Crema,CREMONA,Lombardia,Fish e Fruit,2429425252,9.6822815,45.3601567999999
Crema,CREMONA,Lombardia,Fruit,2457940357,9.68586099999999,45.3642527
Persico Dosimo,CREMONA,Lombardia,Guindani Arcangela,3952433584,10.0760631,45.1668785
Spinadesco,CREMONA,Lombardia,,3802143581,9.9310721,45.1469607
Ponti sul Mincio,MANTOVA,Lombardia,Centro ortofrutticolo La Fiducia,703284042,10.6870211,45.4229743
Volta Mantovana,MANTOVA,Lombardia,La Dispensa Contadina,2412100338,10.660022,45.3231414999999
Appiano sulla Strada del Vino,BOLZANO,Trentino-Alto Adige,,1427764063,11.2611966,46.4720409999999
Bolzano,BOLZANO,Trentino-Alto Adige,,1102976059,11.3369145,46.5004453
Bolzano,BOLZANO,Trentino-Alto Adige,Frilo Verdura,561078986,11.3416583,46.491725
Bolzano,BOLZANO,Trentino-Alto Adige,I calabresi,3023928460,11.3182205,46.4874946999999
Bolzano,BOLZANO,Trentino-Alto Adige,Klammsteiner,1070438634,11.3355780999999,46.5021069
Bolzano,BOLZANO,Trentino-Alto Adige,Max Unterhofer,2877931362,11.3594737,46.4997218
Bressanone,BOLZANO,Trentino-Alto Adige,Euvita Reformhaus Erboristeria,1877554425,11.6583556,46.7167284
Bressanone,BOLZANO,Trentino-Alto Adige,Klammsteiner,767946659,11.6611206,46.709051
Bressanone,BOLZANO,Trentino-Alto Adige,Monika,471843070,11.6527432999999,46.7210256999999
Caldaro sulla Strada del Vino,BOLZANO,Trentino-Alto Adige,,3773983857,11.2457157,46.413155
Falzes,BOLZANO,Trentino-Alto Adige,,3032514996,11.8833325,46.8101453
Laives,BOLZANO,Trentino-Alto Adige,,2476840144,11.3350297999999,46.4249294999999
Marlengo,BOLZANO,Trentino-Alto Adige,COFRUM - Detailhandel,3710210948,11.145979,46.6544126
Montagna,BOLZANO,Trentino-Alto Adige,,1255430388,11.3075718999999,46.3346492
Renon,BOLZANO,Trentino-Alto Adige,,1433878173,11.4054166,46.5284631999999
Rio di Pusteria,BOLZANO,Trentino-Alto Adige,Kirchberger,1475921989,11.667202,46.7957258
San Candido,BOLZANO,Trentino-Alto Adige,Klammsteiner,2333490675,12.2827559999999,46.7314855999999
Sarentino,BOLZANO,Trentino-Alto Adige,Hochkofler,1597398748,11.3569884,46.6425582999999
Silandro,BOLZANO,Trentino-Alto Adige,FRILO,2163354937,10.7782543,46.6258478999999
Ultimo,BOLZANO,Trentino-Alto Adige,,2377834426,11.0018337,46.5479848
Varna,BOLZANO,Trentino-Alto Adige,Melix,2269772999,11.6513889,46.7294796999999
Vipiteno,BOLZANO,Trentino-Alto Adige,Helga,3778333026,11.4329594,46.8963681999999
Vipiteno,BOLZANO,Trentino-Alto Adige,Klammsteiner,931751929,11.4312486999999,46.8963259
Vipiteno,BOLZANO,Trentino-Alto Adige,Klammsteiner,1930891405,11.4313208,46.8958248
Arco,TRENTO,Trentino-Alto Adige,,1389220404,10.891654,45.9200421
Arco,TRENTO,Trentino-Alto Adige,La Frutteria,2490648334,10.877067,45.9172252999999
Cavalese,TRENTO,Trentino-Alto Adige,,1257221256,11.4553379999999,46.2922262
Cles,TRENTO,Trentino-Alto Adige,,945430435,11.0340408,46.3648981999999
Cles,TRENTO,Trentino-Alto Adige,Coop. L'Arancia Rossa,946228779,11.0313537,46.3607412
Cles,TRENTO,Trentino-Alto Adige,Gol Market,946228756,11.0294196,46.3610716999999
Cles,TRENTO,Trentino-Alto Adige,Ortofrutta,945470863,11.03247,46.3663205
Cles,TRENTO,Trentino-Alto Adige,Ortofrutta Dallago Srl,945438826,11.0354983,46.3634871
Dro,TRENTO,Trentino-Alto Adige,Cooperativa Valli del Sarca,2202459357,10.9466906,46.0287355999999
Fiera di Primiero,TRENTO,Trentino-Alto Adige,Negozio della Costanza Terenziani,2394661708,11.8297896,46.1769646999999
Fiera di Primiero,TRENTO,Trentino-Alto Adige,Ortofrutta,2394661710,11.8290229999999,46.176644
Folgaria,TRENTO,Trentino-Alto Adige,,1807391727,11.1719706,45.9158098999999
Isera,TRENTO,Trentino-Alto Adige,Superortofrutta,2501489468,11.0105038,45.8802275999999
Lavis,TRENTO,Trentino-Alto Adige,,3235878804,11.1132664,46.1389623
Mezzolombardo,TRENTO,Trentino-Alto Adige,,1669326171,11.1026833,46.2090401999999
Mezzolombardo,TRENTO,Trentino-Alto Adige,Agrumi Ortaggi di Sicilia,1481072019,11.0896141,46.2123537
Mezzolombardo,TRENTO,Trentino-Alto Adige,Frutta e Verdura,1590449851,11.091236,46.2118822999999
Mezzolombardo,TRENTO,Trentino-Alto Adige,Ortofrutta Roncador,1376673718,11.0912465,46.2130729
Nago-Torbole,TRENTO,Trentino-Alto Adige,,1712568327,10.8755612,45.869652
Pozza di Fassa,TRENTO,Trentino-Alto Adige,L'ort de Chicca e Mice,1229183926,11.6872872999999,46.4308464
Rovereto,TRENTO,Trentino-Alto Adige,Caracristi,3282942008,11.0402232999999,45.8871083
Rovereto,TRENTO,Trentino-Alto Adige,Super Ortofrutta,780125219,11.0393916999999,45.8931599
San Lorenzo in Banale,TRENTO,Trentino-Alto Adige,Alimentari Frutta e Verdura,2378390604,10.9099226,46.0764331999999
Storo,TRENTO,Trentino-Alto Adige,Baratella,3440501271,10.5782075,45.8498354999999
Trento,TRENTO,Trentino-Alto Adige,,1311009209,11.1327314,46.0620898999999
Trento,TRENTO,Trentino-Alto Adige,,1640507730,11.1277841,46.0583736
Trento,TRENTO,Trentino-Alto Adige,,1640507732,11.127314,46.0583759
Trento,TRENTO,Trentino-Alto Adige,,1605286685,11.1192544,46.0648549
Trento,TRENTO,Trentino-Alto Adige,,2314952926,11.120703,46.0543312
Trento,TRENTO,Trentino-Alto Adige,,2022158693,11.1183356999999,46.0582149
Trento,TRENTO,Trentino-Alto Adige,,2366096815,11.1252738,46.0744396999999
Trento,TRENTO,Trentino-Alto Adige,Aziende Agricole Fratelli Campailla,2351214876,11.1076061999999,46.1057990999999
Trento,TRENTO,Trentino-Alto Adige,Dematta,1750934133,11.1209311,46.0677122999999
Trento,TRENTO,Trentino-Alto Adige,Frutta,432111592,11.1181076999999,46.0573272999999
Trento,TRENTO,Trentino-Alto Adige,L'antica giara,1069755120,11.1217799999999,46.0603532
Trento,TRENTO,Trentino-Alto Adige,L'Orto di Laura,2383255947,11.118442,46.0769421999999
Trento,TRENTO,Trentino-Alto Adige,Ori di Sicilia,1666211961,11.1242889999999,46.0762661999999
Trento,TRENTO,Trentino-Alto Adige,Scola Boutique,853802298,11.1230657,46.0656542999999
Vermiglio,TRENTO,Trentino-Alto Adige,,1843699853,10.6905851999999,46.2982303
Affi,VERONA,Veneto,Dal Cavaliere,2319823208,10.7641228,45.5634555
Bussolengo,VERONA,Veneto,,600194748,10.8288364,45.4775256
Costermano,VERONA,Veneto,,2319828065,10.7627279999999,45.5668989999999
Erbezzo,VERONA,Veneto,,2404915528,11.0014365,45.6399995
Lazise,VERONA,Veneto,,2450588314,10.7339316,45.4972444
Mozzecane,VERONA,Veneto,Frutta e Verdura,2791487988,10.8176448,45.3092174
Mozzecane,VERONA,Veneto,Frutta e Verdura,2791937716,10.8166384,45.3081991999999
Peschiera del Garda,VERONA,Veneto,,707443459,10.7035151,45.4407868999999
San Martino Buon Albergo,VERONA,Veneto,Buona Frutta,1855621844,11.0833879,45.4247731999999
San Martino Buon Albergo,VERONA,Veneto,Ortofrutta Carlini,1854293026,11.0978971,45.4216976
Terrazzo,VERONA,Veneto,Spaccio Aziendale,2753903230,11.4130547,45.1412517999999
Valeggio sul Mincio,VERONA,Veneto,Fru.Ber di Bertaiola Gianni e Diego,3060068424,10.7501194,45.3486639999999
Valeggio sul Mincio,VERONA,Veneto,Ortofrutta Guerresi,2291884647,10.7343525,45.3542696
Verona,VERONA,Veneto,,849493760,11.019709,45.4508918
Verona,VERONA,Veneto,,2176915074,10.9660246,45.44109
Verona,VERONA,Veneto,,2290842672,11.0218564,45.4423773999999
Verona,VERONA,Veneto,,2360204109,10.9670523,45.4518193999999
Verona,VERONA,Veneto,,2463644830,10.9849297,45.4339287
Verona,VERONA,Veneto,,2770999502,10.979428,45.4490559999999
Verona,VERONA,Veneto,,2812762024,10.9466002,45.4574082999999
Verona,VERONA,Veneto,,2972635125,10.9628792,45.4426339999999
Verona,VERONA,Veneto,,3446482830,10.9964144,45.4451413
Verona,VERONA,Veneto,,3446482723,10.99536,45.4433494
Verona,VERONA,Veneto,,3655273568,10.9691737,45.4409573
Verona,VERONA,Veneto,,3892594249,10.9576404,45.4532558
Verona,VERONA,Veneto,Artoni,848519784,11.0405967999999,45.4557743
Verona,VERONA,Veneto,Frutta e Verdura,1508654394,11.0208869,45.4438998999999
Verona,VERONA,Veneto,Frutta Pia,1484823071,11.0283598,45.4397981999999
Verona,VERONA,Veneto,La Coccinella,3270635241,10.9447461,45.4389949999999
Verona,VERONA,Veneto,Peroni Adriano,3654747800,11.0177703,45.4408498
Villafranca di Verona,VERONA,Veneto,,3761238012,10.9146164999999,45.3971998999999
Villafranca di Verona,VERONA,Veneto,Frutta e verdura da Corrado,2493034657,10.915703,45.3910306
Villafranca di Verona,VERONA,Veneto,Frutta e verdura Magosso,2513571991,10.9150994,45.3943292
Asiago,VICENZA,Veneto,,3662147763,11.5087793,45.8736184999999
Asiago,VICENZA,Veneto,Frutta e Verdura,1894970950,11.5091284999999,45.8750354
Bassano del Grappa,VICENZA,Veneto,,1565569886,11.7344361,45.7653646999999
Bassano del Grappa,VICENZA,Veneto,Le Primizie,1550812457,11.7362064,45.7652600999999
Bassano del Grappa,VICENZA,Veneto,mercato ortofrutticolo,1417389451,11.7451142,45.7574806
Breganze,VICENZA,Veneto,,2701694671,11.5627665,45.7084958
Cassola,VICENZA,Veneto,,1859962558,11.7517359,45.7701082
Cassola,VICENZA,Veneto,Arance di Sicilia,1513065761,11.7604223999999,45.7692965999999
Cassola,VICENZA,Veneto,Frutta e verdura,1513065767,11.7604149,45.7681347999999
Gambellara,VICENZA,Veneto,Frutta & Verdura,1896734418,11.3380838,45.4626121
Isola Vicentina,VICENZA,Veneto,Frutta e Verdura da Valente,2453152131,11.4433735,45.6284895
Malo,VICENZA,Veneto,,3135419284,11.405633,45.6569117
Marostica,VICENZA,Veneto,,1903987588,11.6428989,45.7395082999999
Mussolente,VICENZA,Veneto,Frutta e Verdura,1508751563,11.8008857,45.7776731
Noventa Vicentina,VICENZA,Veneto,,3596079135,11.5375485999999,45.2897387
Sandrigo,VICENZA,Veneto,Frutta e Verdura Montanari,2406438918,11.6032791999999,45.6624193
Sandrigo,VICENZA,Veneto,Il fruttivendolo,1373130535,11.6030724,45.6599926
Santorso,VICENZA,Veneto,Mercato Frutta,3357406131,11.3884351,45.723249
San Vito di Leguzzano,VICENZA,Veneto,,1886820846,11.3770261,45.6811014999999
Schio,VICENZA,Veneto,,2773787944,11.3453167,45.7044932
Schio,VICENZA,Veneto,,661508079,11.3613933,45.7209809
Sovizzo,VICENZA,Veneto,,3051484247,11.4455826999999,45.5279718
Thiene,VICENZA,Veneto,Bonetto,1137773660,11.4823334,45.7040914999999
Vicenza,VICENZA,Veneto,De Tomasi,1486965773,11.5499243,45.5574495999999
Vicenza,VICENZA,Veneto,El Fruttarolo,2277645341,11.5653197,45.5627888
Vicenza,VICENZA,Veneto,La Primizia,2953790069,11.5466561999999,45.5462743
Vicenza,VICENZA,Veneto,Mercato Ortofrutticolo,1313269794,11.5241722,45.5459312999999
Auronzo di Cadore,BELLUNO,Veneto,,1903742915,12.4196846,46.5609181
Fonzaso,BELLUNO,Veneto,Punto Frutta,3003496552,11.806285,46.0029913999999
San Vito di Cadore,BELLUNO,Veneto,,3991018552,12.2048682,46.462293
Sappada,BELLUNO,Veneto,Ortofrutta,3925653220,12.6874474,46.5671542999999
LONGARONE,BELLUNO,Veneto,,1949808574,12.3089035,46.2845755999999
Asolo,TREVISO,Veneto,,3057669110,11.9143068,45.8015315
Asolo,TREVISO,Veneto,Fruttivendolo Brolese Casella d'Asolo,1487434063,11.9174869,45.7890961
Asolo,TREVISO,Veneto,Mulino FAVRIN,1956796188,11.906292,45.8143675
Caerano di San Marco,TREVISO,Veneto,Fruttallegra,1860448112,12.0003607999999,45.7858105999999
Caerano di San Marco,TREVISO,Veneto,Meridional Frutta e Verdura,1510069336,11.9952197,45.7861838
Castelfranco Veneto,TREVISO,Veneto,,1578263740,11.9561404,45.6878037999999
Castelfranco Veneto,TREVISO,Veneto,Ortofrutta Ongarato,2457619768,11.9262704,45.6785683
Castello di Godego,TREVISO,Veneto,Ortofrutta Pianeta Verde,2469588391,11.8766567,45.6919484
Conegliano,TREVISO,Veneto,,2029732967,12.3015945,45.8902592
Loria,TREVISO,Veneto,,1670735977,11.8428667999999,45.7352155
Montebelluna,TREVISO,Veneto,,2161129284,12.082221,45.7780627
Montebelluna,TREVISO,Veneto,,2161248477,12.0736594,45.7791289999999
Montebelluna,TREVISO,Veneto,,3251091274,12.0328275999999,45.7761514
Riese Pio X,TREVISO,Veneto,L'orto fresco di Riese,2458957987,11.9186067,45.7237738999999
Riese Pio X,TREVISO,Veneto,Sapori di Sicilia,1660542230,11.929544,45.7040593999999
San Biagio di Callalta,TREVISO,Veneto,Bottega Siciliana,3673997535,12.330253,45.6723946999999
Santa Lucia di Piave,TREVISO,Veneto,,3495064003,12.3095657,45.8499789
San Vendemiano,TREVISO,Veneto,EuroFrutta,1129893560,12.3395147,45.8905165999999
San Zenone degli Ezzelini,TREVISO,Veneto,,2643640060,11.8450117,45.7787821
San Zenone degli Ezzelini,TREVISO,Veneto,Frutta e Verdura,1542415987,11.8486917,45.7557277
Treviso,TREVISO,Veneto,,2682252955,12.2568468999999,45.6735764
Treviso,TREVISO,Veneto,,3926172721,12.2447865999999,45.6834874999999
Vedelago,TREVISO,Veneto,,3236762004,12.0130329,45.6864137
Villorba,TREVISO,Veneto,,2348026799,12.26576,45.7345163999999
Villorba,TREVISO,Veneto,Frutta e Verdura,2348476764,12.2488282,45.6950222999999
Villorba,TREVISO,Veneto,Vivafrutta,2068109623,12.2328516999999,45.7398861
Villorba,TREVISO,Veneto,Vivafrutta,2348435256,12.2465987999999,45.7069921
Annone Veneto,VENEZIA,Veneto,,1596181431,12.6828831999999,45.7944735
Campagna Lupia,VENEZIA,Veneto,,3728356720,12.0929798,45.3561650999999
Chioggia,VENEZIA,Veneto,,1793267475,12.2753274,45.2169823999999
Chioggia,VENEZIA,Veneto,,2972580273,12.298363,45.2056071
Concordia Sagittaria,VENEZIA,Veneto,,1880783175,12.8451659,45.7573122
Dolo,VENEZIA,Veneto,Spaccio del Contadino,2093219089,12.0940616,45.4246747999999
Iesolo,VENEZIA,Veneto,Furfaro,1958058177,12.6797774,45.5230401
Mira,VENEZIA,Veneto,,1813879227,12.1177183999999,45.4649624999999
Mira,VENEZIA,Veneto,Begheldo Frutta,556425031,12.1739213999999,45.4530524999999
Noventa di Piave,VENEZIA,Veneto,,3266017388,12.53179,45.6637242999999
Pianiga,VENEZIA,Veneto,Dolci frutti,3793039913,12.0332583999999,45.4557993999999
Portogruaro,VENEZIA,Veneto,,1885083607,12.8372734,45.7702750999999
Portogruaro,VENEZIA,Veneto,Da Meri,1867579639,12.8370526999999,45.7747962999999
San Dona' di Piave,VENEZIA,Veneto,,3799010159,12.5793677,45.599631
Teglio Veneto,VENEZIA,Veneto,,1834018954,12.8833848999999,45.8152606
Venezia,VENEZIA,Veneto,,1668791816,12.3383897,45.4398710999999
Venezia,VENEZIA,Veneto,,3123061018,12.329224,45.4440691
Venezia,VENEZIA,Veneto,,3526762280,12.3254696999999,45.4438938999999
Venezia,VENEZIA,Veneto,,3830986294,12.2538292,45.5009925
Venezia,VENEZIA,Veneto,,3851352631,12.3613331,45.4268232
Venezia,VENEZIA,Veneto,Bottega Biologica Certificata,2493856499,12.3299243999999,45.4436709
Venezia,VENEZIA,Veneto,Macuva,3403774766,12.320465,45.4372862999999
Cavallino-Treporti,VENEZIA,Veneto,Frutta & Verdura,1650713892,12.5305338,45.4656039999999
Cavallino-Treporti,VENEZIA,Veneto,Hortus,1650702668,12.5264051999999,45.464669
Albignasego,PADOVA,Veneto,Solo al sabato mattina,1569537855,11.8579376,45.3766172999999
Albignasego,PADOVA,Veneto,Solo al sabato mattina,1569535821,11.8579376,45.3766172999999
Arzergrande,PADOVA,Veneto,Frutta e verdura Fratelli Favero,3841466468,12.0431753,45.2739107
Brugine,PADOVA,Veneto,L'Angolo del Sole,2395914997,11.9922159,45.2988124999999
Carmignano di Brenta,PADOVA,Veneto,,2410573421,11.7023420999999,45.6288263
Castelbaldo,PADOVA,Veneto,,1734153443,11.464715,45.1217274999999
Cittadella,PADOVA,Veneto,,1918214602,11.7759483,45.6733077
Curtarolo,PADOVA,Veneto,,2630111960,11.8538175,45.514234
Curtarolo,PADOVA,Veneto,,2631807028,11.8327069999999,45.5212416
Este,PADOVA,Veneto,Frutta e Verdura,899406714,11.6616931,45.2246285
Fontaniva,PADOVA,Veneto,Delizie dell'Etna,1791476451,11.7589451999999,45.6383213
Fontaniva,PADOVA,Veneto,Moreo Ortofrutta,1791347478,11.7568763,45.6317377
Montagnana,PADOVA,Veneto,,3798099398,11.4647334,45.2331505
Padova,PADOVA,Veneto,,691987793,11.8577638,45.4066497999999
Padova,PADOVA,Veneto,,1460324862,11.8789543,45.3915520999999
Padova,PADOVA,Veneto,,1458908142,11.901261,45.3810872999999
Padova,PADOVA,Veneto,,1988584487,11.8573977999999,45.4071672
San Giorgio delle Pertiche,PADOVA,Veneto,,1832004602,11.8845104999999,45.5175354
Sant'Angelo di Piove di Sacco,PADOVA,Veneto,,3667513482,12.0066051999999,45.3458587
Teolo,PADOVA,Veneto,Ortofrutta Baldan,2301323752,11.7114127,45.3680811999999
Tribano,PADOVA,Veneto,Frutta e verdura da Alessandro e Paola,1273327652,11.8319626,45.2070383
Veggiano,PADOVA,Veneto,Eurotrading S.p.A,2295105412,11.7140112,45.4351620999999
Due Carrare,PADOVA,Veneto,Aldrigo Denis,3381336965,11.8170483,45.2920692
Aiello del Friuli,UDINE,Friuli-Venezia Giulia,,1177771454,13.3646499,45.8727464999999
Cividale del Friuli,UDINE,Friuli-Venezia Giulia,,2798328935,13.4319183,46.0909009
Cividale del Friuli,UDINE,Friuli-Venezia Giulia,,3596229651,13.4287598999999,46.0933953999999
Cividale del Friuli,UDINE,Friuli-Venezia Giulia,Brusini,2621991546,13.4313971,46.0943952
Cividale del Friuli,UDINE,Friuli-Venezia Giulia,La Grande Mela,2141281512,13.4288732,46.0959699
Manzano,UDINE,Friuli-Venezia Giulia,,3068293812,13.3821739,45.9914972999999
Mereto di Tomba,UDINE,Friuli-Venezia Giulia,,1619417540,13.0406362,46.0495912
Palmanova,UDINE,Friuli-Venezia Giulia,Bottega della frutta,530758164,13.3066812,45.9051835
Palmanova,UDINE,Friuli-Venezia Giulia,Ortofrutticola Sud Friuli,668580183,13.3097136,45.8967837
Povoletto,UDINE,Friuli-Venezia Giulia,Eurofrutta,2861087179,13.2986125,46.1177567
Pozzuolo del Friuli,UDINE,Friuli-Venezia Giulia,,1753754567,13.1974678999999,45.9691961999999
Pozzuolo del Friuli,UDINE,Friuli-Venezia Giulia,,423446289,13.1948047,45.9690079
San Giorgio di Nogaro,UDINE,Friuli-Venezia Giulia,,2402217622,13.182688,45.8332145999999
Talmassons,UDINE,Friuli-Venezia Giulia,,1746136109,13.0953196999999,45.9343281
Tarvisio,UDINE,Friuli-Venezia Giulia,La Grande Mela,1960281861,13.5793388,46.5056087
Tricesimo,UDINE,Friuli-Venezia Giulia,,1687161346,13.2132856,46.1601192999999
Tricesimo,UDINE,Friuli-Venezia Giulia,,1687161343,13.2119748,46.1613218999999
Udine,UDINE,Friuli-Venezia Giulia,Frutta,1120210955,13.2479616999999,46.0693702
Udine,UDINE,Friuli-Venezia Giulia,La Spina,3652518671,13.2519156,46.0320292999999
Fogliano Redipuglia,GORIZIA,Friuli-Venezia Giulia,,591748745,13.4824862,45.8636242999999
Monfalcone,GORIZIA,Friuli-Venezia Giulia,il Melomangio,2314652306,13.5220232,45.8084177
Monfalcone,GORIZIA,Friuli-Venezia Giulia,La grande mela,2376837246,13.5312003,45.8083451999999
Duino-Aurisina,TRIESTE,Friuli-Venezia Giulia,Chiosco,1896537534,13.5832897999999,45.7951817
Trieste,TRIESTE,Friuli-Venezia Giulia,,296390977,13.7669058,45.6693722999999
Trieste,TRIESTE,Friuli-Venezia Giulia,,1470636989,13.7770515,45.6901532999999
Trieste,TRIESTE,Friuli-Venezia Giulia,,1569158398,13.7786553,45.6488342999999
Trieste,TRIESTE,Friuli-Venezia Giulia,,1603321461,13.7655166999999,45.6473287999999
Trieste,TRIESTE,Friuli-Venezia Giulia,,1835867929,13.7806582,45.6482511
Trieste,TRIESTE,Friuli-Venezia Giulia,,1835867930,13.7814038,45.647728
Trieste,TRIESTE,Friuli-Venezia Giulia,,1912314907,13.7881899,45.6542004
Trieste,TRIESTE,Friuli-Venezia Giulia,Discount ortofrutta,1142046408,13.7337741999999,45.7081725999999
Trieste,TRIESTE,Friuli-Venezia Giulia,Il Mirtillo,1448019426,13.7783317,45.6465772
Trieste,TRIESTE,Friuli-Venezia Giulia,La Grande Mela,1449758083,13.7791254999999,45.6474946
Trieste,TRIESTE,Friuli-Venezia Giulia,L'orto in piazza,3899062560,13.7775894,45.6496675
Trieste,TRIESTE,Friuli-Venezia Giulia,Ortofrutta,1620381483,13.7595703999999,45.6449603
Nibbiano,PIACENZA,Emilia-Romagna,,3572043595,9.3290097,44.9043236999999
Fornovo di Taro,PARMA,Emilia-Romagna,,2006527788,10.0971471,44.6925911
Medesano,PARMA,Emilia-Romagna,,1929006615,10.1119029,44.7246957999999
Medesano,PARMA,Emilia-Romagna,,1929006622,10.1128228999999,44.7246596
Medesano,PARMA,Emilia-Romagna,,1930480087,10.1132392,44.7253861
Medesano,PARMA,Emilia-Romagna,Cagna & Benelli,1932434016,10.0884424999999,44.6980672999999
Medesano,PARMA,Emilia-Romagna,Il Cigno Nero,1935187494,10.087413,44.6962873
Noceto,PARMA,Emilia-Romagna,,1935708273,10.1819147999999,44.8143724999999
Noceto,PARMA,Emilia-Romagna,Cagna & Benelli,1817408061,10.2066458,44.8257248999999
Parma,PARMA,Emilia-Romagna,,1353540721,10.3663679,44.7426895999999
Parma,PARMA,Emilia-Romagna,,1969443865,10.3310898,44.8164210999999
Tizzano Val Parma,PARMA,Emilia-Romagna,Frutta e Verdura Raschi,3725414006,10.1992457,44.5208794999999
Varano de' Melegari,PARMA,Emilia-Romagna,,2000877469,10.0098417,44.6879446
Varsi,PARMA,Emilia-Romagna,,2006492493,9.8451488,44.6620501
Castelnovo Ne' Monti,REGGIO EMILIA,Emilia-Romagna,,1624736739,10.4576870999999,44.4521571
Montecchio Emilia,REGGIO EMILIA,Emilia-Romagna,,1892963780,10.4469517,44.7001366
Scandiano,REGGIO EMILIA,Emilia-Romagna,,1767323475,10.6540934,44.5570451999999
Fiorano Modenese,MODENA,Emilia-Romagna,Centrofrutta,2296828920,10.8252694,44.5359509
Fiorano Modenese,MODENA,Emilia-Romagna,La Macedonia,2141770302,10.8206442,44.5377082999999
Fiorano Modenese,MODENA,Emilia-Romagna,Moden Fruit,2137162595,10.8165703,44.5380527
Fiorano Modenese,MODENA,Emilia-Romagna,Torinese Elio e C. (S.N.C.),2495020691,10.831892,44.5351366
Formigine,MODENA,Emilia-Romagna,Da Antonietta Frutta e Verdura,1377679942,10.8459322,44.5766853
Formigine,MODENA,Emilia-Romagna,Ortofrutta Luca,1377887433,10.8469504,44.5740886
Maranello,MODENA,Emilia-Romagna,,3858880679,10.8699119,44.5240227999999
Bologna,BOLOGNA,Emilia-Romagna,,3969001654,11.3981476,44.5101682
Bologna,BOLOGNA,Emilia-Romagna,L'angolo della frutta,3665696251,11.2924869999999,44.4958523
Borgo Tossignano,BOLOGNA,Emilia-Romagna,Azienda Agricola Il Mulino,3811557282,11.6110077,44.2632316999999
Casalecchio di Reno,BOLOGNA,Emilia-Romagna,Azienda Agritola Tizzano,3666010301,11.2425419,44.4619191999999
Castel Maggiore,BOLOGNA,Emilia-Romagna,Arca Frutta & Verdura,599322556,11.3584456,44.5767609999999
Imola,BOLOGNA,Emilia-Romagna,Azienda Agricola Co Bruciata,3814405582,11.6962531,44.3171751
Imola,BOLOGNA,Emilia-Romagna,Azienda agricola Sassetta,2178644270,11.6612452999999,44.388852
Imola,BOLOGNA,Emilia-Romagna,Azienda Agricola Spada Silvano,3575113114,11.7625647,44.4143691
Imola,BOLOGNA,Emilia-Romagna,Morovingi,2416778958,11.6814126,44.3950815
Monterenzio,BOLOGNA,Emilia-Romagna,Frutteria,2372349338,11.4604053,44.3114435999999
Ferrara,FERRARA,Emilia-Romagna,Frutta di stagione,3910408248,11.5554083,44.7888675
Brisighella,RAVENNA,Emilia-Romagna,Az. Agr. Bartolini Alvano,3377581899,11.9223677,44.2163085999999
Castel Bolognese,RAVENNA,Emilia-Romagna,Azienda agricola La Casetta,3651269882,11.76571,44.2970145
Cervia,RAVENNA,Emilia-Romagna,,2328177348,12.3513686,44.272119
Faenza,RAVENNA,Emilia-Romagna,Lune Buone,3793385206,11.8771004999999,44.2931606
Riolo Terme,RAVENNA,Emilia-Romagna,Azienda Agricola Zaccarini,3234486917,11.7072296,44.2641677
Bagno di Romagna,FORLI',Emilia-Romagna,,3651366926,11.9593981,43.8350288
Forli',FORLI',Emilia-Romagna,,1137635589,12.0615276999999,44.2210950999999
Forli',FORLI',Emilia-Romagna,,1138020881,12.0598203,44.2191774
Forli',FORLI',Emilia-Romagna,Farm shop,1286945076,12.0628712999999,44.1844009
Meldola,FORLI',Emilia-Romagna,,2068278870,12.0617239,44.1272950999999
Meldola,FORLI',Emilia-Romagna,Orto in Piazza,2068278867,12.0607109,44.126764
Premilcuore,FORLI',Emilia-Romagna,Az. Agrituristica l'antico frutto,2467628416,11.8236135,43.9736790999999
Verghereto,FORLI',Emilia-Romagna,,2426095987,12.0917232,43.7774863
Monte Porzio,PESARO E URBINO,Marche,Paniconi,2382817000,13.0572333,43.6958224999999
Pergola,PESARO E URBINO,Marche,la primizia,1904010248,12.8349024,43.5645548
Piobbico,PESARO E URBINO,Marche,,3862812920,12.5093034,43.589393
Urbino,PESARO E URBINO,Marche,,4012970434,12.6317907999999,43.7346924
Ancona,ANCONA,Marche,Baba,1782153817,13.5140628,43.6158562999999
Ancona,ANCONA,Marche,Ortofrutta Bax,660916130,13.5062572,43.6029892
Ancona,ANCONA,Marche,Ortofrutta Valdaso,659630532,13.5067042,43.6029758
Castelleone di Suasa,ANCONA,Marche,Frutta e verdura Badiali Rita,3701210146,12.976901,43.6082948
Falconara Marittima,ANCONA,Marche,Il frutteto,3150248856,13.4030109,43.6261099999999
Maiolati Spontini,ANCONA,Marche,MAZZIERI ANDREA,3156163417,13.1298377,43.5021808999999
Monte Roberto,ANCONA,Marche,Sergio,3049033473,13.1400244,43.4715228
Caldarola,MACERATA,Marche,Massatani - Frutta e verdura,1388701897,13.2231161,43.1420802
Corridonia,MACERATA,Marche,,2037850816,13.5115854,43.2488375
Corridonia,MACERATA,Marche,,2037850880,13.5121347,43.2495949999999
Gualdo,MACERATA,Marche,Frutteria,1618749943,13.3382968,43.0667704999999
Macerata,MACERATA,Marche,,2038556685,13.4385086,43.3052487
Macerata,MACERATA,Marche,Frutta e verdura,2473449357,13.4562375,43.2959455
Macerata,MACERATA,Marche,La frutteria de le casette,2476563525,13.4560986,43.2964459
Macerata,MACERATA,Marche,Orto & gusto,2320083506,13.4998267999999,43.2801672
Montelupone,MACERATA,Marche,,2196539553,13.5685103999999,43.3449888
Visso,MACERATA,Marche,,2363362344,13.08778,42.9308187
Ascoli Piceno,ASCOLI PICENO,Marche,L'ortolano,1580433341,13.5696549999999,42.8598926
Rotella,ASCOLI PICENO,Marche,,1769762479,13.5825321999999,42.949064
Licciana Nardi,MASSA-CARRARA,Toscana,Cibus Ars - OMAR,1873454497,9.9689497,44.2271009
Massa,MASSA-CARRARA,Toscana,,2152321756,10.1367306,44.0275670999999
Massa,MASSA-CARRARA,Toscana,,2152322449,10.1374039,44.0312150999999
Barga,LUCCA,Toscana,,2975897741,10.4750451,44.0475489999999
Lucca,LUCCA,Toscana,,3731761142,10.5058738999999,43.8445699
Lucca,LUCCA,Toscana,,3731761183,10.5075606,43.8469199999999
Lucca,LUCCA,Toscana,Alimentari,3784534428,10.5100776,43.8456265
Massarosa,LUCCA,Toscana,,2036877900,10.2725361999999,43.9125579999999
Massarosa,LUCCA,Toscana,Frutta Market,2012866369,10.2951026,43.8808569999999
Viareggio,LUCCA,Toscana,,1350642948,10.2613064,43.8537083
Viareggio,LUCCA,Toscana,,2139840058,10.2567469,43.8575306999999
Villa Basilica,LUCCA,Toscana,,1553697072,10.6448757,43.9277862
Lamporecchio,PISTOIA,Toscana,,3963984018,10.895963,43.8160107
Monsummano Terme,PISTOIA,Toscana,Marraccini,3955097012,10.8093474,43.8682548999999
Montecatini-Terme,PISTOIA,Toscana,,3651013504,10.7670384,43.8827940999999
Montecatini-Terme,PISTOIA,Toscana,,3651013604,10.7667862,43.8834668
Pieve a Nievole,PISTOIA,Toscana,,3955279947,10.7868384,43.8608012999999
Ponte Buggianese,PISTOIA,Toscana,,1538085372,10.7474074,43.8465630999999
Ponte Buggianese,PISTOIA,Toscana,,3233553037,10.7480758,43.8437090999999
San Marcello Pistoiese,PISTOIA,Toscana,Frutti di bosco,1583930834,10.8484734,44.0532077
Calenzano,FIRENZE,Toscana,Superfrescato,1588494301,11.1689138,43.8532494999999
Firenze,FIRENZE,Toscana,,1345633987,11.24075,43.8055694999999
Firenze,FIRENZE,Toscana,,1848318167,11.2391577999999,43.7993144
Firenze,FIRENZE,Toscana,,2364474906,11.2669181999999,43.7705193999999
Greve in Chianti,FIRENZE,Toscana,Ortolano,1688400851,11.2972845999999,43.6582324999999
Reggello,FIRENZE,Toscana,,2241548591,11.4851422,43.6281929
Reggello,FIRENZE,Toscana,Orto di Vaggio,2241466903,11.4994599,43.6356826
Bibbona,LIVORNO,Toscana,Greengrocery,3053392462,10.5242082,43.2489880999999
Castagneto Carducci,LIVORNO,Toscana,,3741029988,10.5411663,43.1887653
Livorno,LIVORNO,Toscana,,1719919805,10.3031279,43.5417841
Livorno,LIVORNO,Toscana,,1809030666,10.3300772999999,43.5515203
Livorno,LIVORNO,Toscana,,2308657638,10.3317815999999,43.5439647999999
Livorno,LIVORNO,Toscana,,2391797502,10.3152095,43.5307377999999
Livorno,LIVORNO,Toscana,,2570760075,10.3130994,43.5376898
Livorno,LIVORNO,Toscana,,3726092785,10.3155123999999,43.5462995
Livorno,LIVORNO,Toscana,,3932988257,10.3312586999999,43.5541151999999
Livorno,LIVORNO,Toscana,Dante & Rita,1414733967,10.3182278,43.5384782
Livorno,LIVORNO,Toscana,Ingro Frutta,1721213884,10.3307181,43.5471391999999
Livorno,LIVORNO,Toscana,La Pigna,1724644894,10.3273391,43.5603508
Livorno,LIVORNO,Toscana,L'Oasi della Frutta,1736736751,10.3280673,43.5612818999999
Livorno,LIVORNO,Toscana,L'Orticello,494146203,10.3301973999999,43.5628148999999
Livorno,LIVORNO,Toscana,Martini,2197646731,10.3355497,43.5219086
Livorno,LIVORNO,Toscana,Ortofrutta Le Sorgenti,1776586332,10.3320718,43.5600159999999
Livorno,LIVORNO,Toscana,Petracchi Aldo,3368966400,10.3322264,43.5598387
Marciana Marina,LIVORNO,Toscana,,2236783514,10.1984162,42.8056976
Portoferraio,LIVORNO,Toscana,,2482585314,10.3498988999999,42.7735307
Rosignano Marittimo,LIVORNO,Toscana,,3971497154,10.4315905,43.3922323
Rosignano Marittimo,LIVORNO,Toscana,,3971500270,10.4321725999999,43.3915072
Pisa,PISA,Toscana,,2602065832,10.4163739999999,43.7193620999999
Pisa,PISA,Toscana,,2978226371,10.2923386,43.6262207999999
San Giuliano Terme,PISA,Toscana,Centro Ortofrutticolo Pisano,1321880308,10.4069546,43.7706982999999
Santa Croce sull'Arno,PISA,Toscana,,1528798617,10.7809538,43.7097327999999
Anghiari,AREZZO,Toscana,,2999386051,12.0548762,43.5410043999999
Arezzo,AREZZO,Toscana,,2193281557,11.8555531,43.5501361
Arezzo,AREZZO,Toscana,,3300720061,11.8862722,43.4601231999999
Arezzo,AREZZO,Toscana,,3393611554,11.8686121,43.4528722
Arezzo,AREZZO,Toscana,,3393650084,11.8608104,43.4501449999999
Arezzo,AREZZO,Toscana,,3519707474,11.8669891,43.4590358
Arezzo,AREZZO,Toscana,Il Frutto,2187010116,11.8695983999999,43.4695703
Arezzo,AREZZO,Toscana,Siamo alla frutta,2560982049,11.8702837,43.4696412999999
Castiglion Fibocchi,AREZZO,Toscana,,3328023101,11.7617481,43.5261708
Castiglion Fiorentino,AREZZO,Toscana,,1952317970,11.9160716,43.3428061999999
Castiglion Fiorentino,AREZZO,Toscana,,1952317989,11.9177345,43.3450181999999
Cortona,AREZZO,Toscana,,2965333783,11.9851382,43.2748572
Laterina,AREZZO,Toscana,,2995592112,11.7149427,43.4794053
Monterchi,AREZZO,Toscana,Ortofrutta,2164602358,12.1071107999999,43.4876317
Monte San Savino,AREZZO,Toscana,,3512104601,11.7260519999999,43.336244
Sansepolcro,AREZZO,Toscana,,1687116449,12.1383597,43.5723907
Sansepolcro,AREZZO,Toscana,,1691207994,12.1402050999999,43.5721782999999
Sansepolcro,AREZZO,Toscana,,1809100125,12.130966,43.5784681
Sansepolcro,AREZZO,Toscana,,2301834768,12.1350028,43.5732812999999
Siena,SIENA,Toscana,,1559268654,11.3338857,43.3245872
Siena,SIENA,Toscana,Mercato Della Frutta Rubino,668770372,11.3328589999999,43.3180618999999
Monte Argentario,GROSSETO,Toscana,,3102617125,11.2032039,42.3953999
Monte Argentario,GROSSETO,Toscana,,2974365059,11.2042303,42.3931875
Roccastrada,GROSSETO,Toscana,,1321434327,11.1668346,43.011679
Assisi,PERUGIA,Umbria,Le coccinelle dell'orto,2680339826,12.582368,43.0310725
Bevagna,PERUGIA,Umbria,,3600972057,12.6096477,42.9351389999999
Citta' di Castello,PERUGIA,Umbria,,1497141202,12.2271023,43.4767907
Citta' di Castello,PERUGIA,Umbria,,1505026130,12.2467497,43.4597387999999
Citta' di Castello,PERUGIA,Umbria,,1506165206,12.2481705,43.4653014
Citta' di Castello,PERUGIA,Umbria,,1582754494,12.2498202,43.4399403999999
Citta' di Castello,PERUGIA,Umbria,,1672597826,12.2378189,43.3694502
Citta' di Castello,PERUGIA,Umbria,,1820050941,12.2492183,43.4182878
Citta' di Castello,PERUGIA,Umbria,,1823833526,12.2381256999999,43.4609545
Citta' di Castello,PERUGIA,Umbria,,1573140941,12.2473237,43.4570093999999
Citta' di Castello,PERUGIA,Umbria,,3628679895,12.2392455,43.4578703999999
Citta' di Castello,PERUGIA,Umbria,,3821227463,12.2413554999999,43.4558833999999
Citta' di Castello,PERUGIA,Umbria,Belli frutta e verdura,1450527255,12.2339444,43.4994452999999
Citta' di Castello,PERUGIA,Umbria,Frutta e verdura,1504982213,12.2450737,43.4615623999999
Citta' di Castello,PERUGIA,Umbria,Idealfrutta,1672610789,12.2367138,43.3683972999999
Citta' di Castello,PERUGIA,Umbria,Orto e Giardino,1582744199,12.2478193,43.4458547999999
Citta' di Castello,PERUGIA,Umbria,Ortofrutta,1970334432,12.2362012,43.4538715999999
Corciano,PERUGIA,Umbria,,3858810057,12.3169324,43.1040141
Foligno,PERUGIA,Umbria,,3789830190,12.7095229,42.956007
Gubbio,PERUGIA,Umbria,Il mio Orto,2461486222,12.560314,43.3589350999999
Lisciano Niccone,PERUGIA,Umbria,,1818748663,12.1430348,43.2463039
Perugia,PERUGIA,Umbria,,2271434467,12.4372465,43.1153118
Perugia,PERUGIA,Umbria,,2688700922,12.3649184,43.0997281
Perugia,PERUGIA,Umbria,,3062646038,12.4433741,43.0918824999999
Perugia,PERUGIA,Umbria,Az. Agricola Sett'Olmi,2111482706,12.4431376,43.1825197
Perugia,PERUGIA,Umbria,Fruit Joy,2491581491,12.4445289999999,43.0914432
Perugia,PERUGIA,Umbria,Italfrutta,3687100155,12.3442184,43.0820891999999
Perugia,PERUGIA,Umbria,L'Orto di Casa,2178097740,12.3476142,43.103737
Pietralunga,PERUGIA,Umbria,,1817918900,12.4373584,43.4424788999999
San Giustino,PERUGIA,Umbria,,1378230277,12.1771112,43.5488211999999
Spello,PERUGIA,Umbria,,2351091425,12.6715570999999,42.9913156
Trevi,PERUGIA,Umbria,Il Punto Verde,3612437216,12.7141354999999,42.8702054999999
Umbertide,PERUGIA,Umbria,,1140336797,12.3338263,43.3070693
Umbertide,PERUGIA,Umbria,,1738190610,12.2939101,43.340986
Montecastrilli,TERNI,Umbria,,3743423734,12.4086893,42.6340894
Blera,VITERBO,Lazio,,2941624694,12.0258398,42.2741976
Blera,VITERBO,Lazio,,2941637633,12.0276231,42.2728837
Blera,VITERBO,Lazio,,2957252473,12.0249048999999,42.2755747
Bolsena,VITERBO,Lazio,,1827301973,11.9843901,42.6459418999999
Bolsena,VITERBO,Lazio,,1832162225,11.9884849,42.643616
Bolsena,VITERBO,Lazio,,1832162240,11.9877249999999,42.6442812
Canepina,VITERBO,Lazio,La frutta...vale,3472856638,12.2337735,42.3808330999999
Gallese,VITERBO,Lazio,Barchiesi Carlo,2376688291,12.4024871,42.3728935
Onano,VITERBO,Lazio,Frutta e verdura,1843077446,11.8159747999999,42.6922294
Tarquinia,VITERBO,Lazio,Frutteria,1602534534,11.7557931,42.2549353
Valentano,VITERBO,Lazio,Centrocaff di Natali Giuseppe,3178527061,11.810249,42.555916
Valentano,VITERBO,Lazio,Centro spesa,3190161361,11.8180413,42.5683004999999
Valentano,VITERBO,Lazio,Frutta E Verdura,3190230161,11.8181743,42.5675201999999
Valentano,VITERBO,Lazio,Ortofrutta Alimentari,3190155261,11.8181636999999,42.5682639999999
Valentano,VITERBO,Lazio,Top Frutta da Peppe,3422186893,11.8220126,42.5661290999999
Gerano,ROMA,Lazio,,1834722255,12.9943548,41.9331809
Guidonia Montecelio,ROMA,Lazio,,2192753566,12.755525,41.9667437
Marcellina,ROMA,Lazio,,1133648556,12.80878,42.0251543999999
Marcellina,ROMA,Lazio,,1151346160,12.8092459,42.0222272999999
Marcellina,ROMA,Lazio,,1151346143,12.8027710999999,42.0216886999999
Marcellina,ROMA,Lazio,Iris,1151346206,12.8076159,42.0231678999999
Roma,ROMA,Lazio,,1143032461,12.4783661,41.8070572
Roma,ROMA,Lazio,,1143032469,12.4792402,41.8072610999999
Roma,ROMA,Lazio,,1227315835,12.2806013,41.7359545999999
Roma,ROMA,Lazio,,1423872342,12.5194047,41.8868107999999
Roma,ROMA,Lazio,,1428110975,12.4461715,41.9241448
Roma,ROMA,Lazio,,1514249427,12.4501709,41.9129829
Roma,ROMA,Lazio,,1550051650,12.4418413999999,41.9117097
Roma,ROMA,Lazio,,1591563326,12.4517378999999,41.8574355
Roma,ROMA,Lazio,,1641654331,12.5154317,41.9290619
Roma,ROMA,Lazio,,1641654399,12.5156597,41.9262720999999
Roma,ROMA,Lazio,,1665755346,12.5476440999999,41.8630876
Roma,ROMA,Lazio,,1759856912,12.5279924,41.8887284999999
Roma,ROMA,Lazio,,1759856946,12.5239286,41.8901953
Roma,ROMA,Lazio,,1827732575,12.3426037,41.7779281999999
Roma,ROMA,Lazio,,1909843306,12.4283029,41.8991331
Roma,ROMA,Lazio,,1985507311,12.535121,41.8988234999999
Roma,ROMA,Lazio,,2042501454,12.4479857,41.9053394
Roma,ROMA,Lazio,,2182366853,12.4433472,41.9135835
Roma,ROMA,Lazio,,2580253438,12.6206169,41.8313358999999
Roma,ROMA,Lazio,,2866631052,12.2865591,41.7388009
Roma,ROMA,Lazio,,1800053029,12.5242185999999,41.8742506
Roma,ROMA,Lazio,,3388069412,12.5590133,41.9448907
Roma,ROMA,Lazio,,3661055041,12.5125256,41.9288256999999
Roma,ROMA,Lazio,,3661055045,12.5222554,41.9278539
Roma,ROMA,Lazio,,1694694936,12.5251509999999,41.9198288999999
Roma,ROMA,Lazio,,3779291329,12.4831024,41.8459095999999
Roma,ROMA,Lazio,discount frutta verdura,3996441139,12.554425,41.864857
Roma,ROMA,Lazio,Filip di Islam,3779291328,12.4831935,41.8459645
Roma,ROMA,Lazio,Frutta Verdura,3947595188,12.4933656,41.8621999
Roma,ROMA,Lazio,frutteria,3670935603,12.550564,41.8565047
Roma,ROMA,Lazio,Frutteria,1507338551,12.6527099,41.9113706999999
Roma,ROMA,Lazio,Frutteria,1538003830,12.4458269,41.9073404
Roma,ROMA,Lazio,Frutteria,2218327607,12.6013094,41.8387192
Roma,ROMA,Lazio,Frutteria,1137295531,12.6075570999999,41.8149018
Roma,ROMA,Lazio,Frutteria Alimentari,983620983,12.5767975,41.9421615999999
Roma,ROMA,Lazio,la belva del deserto,3507247428,12.2906396,41.7333222999999
Roma,ROMA,Lazio,Non solo frutta...,1428113488,12.442995,41.9122777999999
Santa Marinella,ROMA,Lazio,,3202347507,11.8380588,42.0327689
Santa Marinella,ROMA,Lazio,,3235292022,11.8514272999999,42.0362829
Santa Marinella,ROMA,Lazio,,3235385989,11.8781105999999,42.0386500999999
Santa Marinella,ROMA,Lazio,Frutteria Argentino,1223131828,11.9516209,42.0227258
Tivoli,ROMA,Lazio,,3157525862,12.7690176999999,41.9555712
Valmontone,ROMA,Lazio,,1322962297,12.9152878,41.7755937
Velletri,ROMA,Lazio,,3711799960,12.7773588,41.6883137
Velletri,ROMA,Lazio,,3713338765,12.7884273,41.6889467
San Cesareo,ROMA,Lazio,Frutteria Porretta,2879954596,12.8214522,41.8276156
Fiumicino,ROMA,Lazio,,2402864551,12.1587873,41.9016358
Fiumicino,ROMA,Lazio,Deseo de frutta,3793395137,12.3082697,41.8018853
Fondi,LATINA,Lazio,,1984100531,13.4231513,41.3588196999999
Fondi,LATINA,Lazio,Cavolo Felice S.R.L,3478566798,13.4224830999999,41.3410711
Fondi,LATINA,Lazio,Eburnea,1958215416,13.4311091,41.3534732
Fondi,LATINA,Lazio,Frutta E Verdura Monacelli Giovanna,1958314282,13.4296223,41.3514385
Fondi,LATINA,Lazio,KMZero,2333436686,13.4341832,41.352617
Fondi,LATINA,Lazio,La Primizia,3461703529,13.4324754,41.3596793999999
Fondi,LATINA,Lazio,Marrocco & Fabrizio S.R.L.,3480845604,13.423192,41.3409237999999
Fondi,LATINA,Lazio,MaxiFrutta,3480845605,13.4228204,41.3410151
Fondi,LATINA,Lazio,Ortofrutta Macedonia,2890047172,13.4272164,41.3553927
Itri,LATINA,Lazio,L'angolo della Frutta,1834044748,13.5266327,41.2884876999999
Latina,LATINA,Lazio,,1366380910,12.9460602999999,41.5320028
Latina,LATINA,Lazio,5 Fratelli,2621527944,12.9085477,41.4569177999999
Norma,LATINA,Lazio,,1456295095,12.9717231,41.5846033999999
Norma,LATINA,Lazio,,1456296100,12.9725343,41.5838791999999
Roccagorga,LATINA,Lazio,,2904209601,13.1541444,41.5247857
Roccagorga,LATINA,Lazio,,1418734475,13.1558436,41.5250076
Sezze,LATINA,Lazio,,1529299369,13.0641952,41.5060300999999
Sonnino,LATINA,Lazio,,1940768263,13.2440923,41.4133514999999
Sperlonga,LATINA,Lazio,,3005889712,13.4316349,41.2595985
Anagni,FROSINONE,Lazio,L'Oasi della Frutta,1755122951,13.1560258999999,41.7428298999999
Anagni,FROSINONE,Lazio,Ortofrutta Cerasaro,1757217877,13.1525114,41.744705
Castrocielo,FROSINONE,Lazio,,3914331509,13.6961051,41.5131345
Ferentino,FROSINONE,Lazio,Alimentari Frutta & Verdura,1762946800,13.253288,41.6893716
Trivigliano,FROSINONE,Lazio,,1843942224,13.2653279,41.7766877999999
Caserta,CASERTA,Campania,,1553754300,14.3379402,41.066411
Caserta,CASERTA,Campania,,1530864010,14.3339853,41.0679968
Caserta,CASERTA,Campania,Fruttolandia,2117485981,14.3406505,41.0663503
Caserta,CASERTA,Campania,Negozio di frutta,3672156363,14.3327376,41.0831505
Foglianise,BENEVENTO,Campania,,3933549295,14.6708175,41.1600395
Torrecuso,BENEVENTO,Campania,,3184702519,14.6983859999999,41.2118138
Arzano,NAPOLI,Campania,,1494126387,14.2665966999999,40.9102333
Casoria,NAPOLI,Campania,,1805990728,14.2824962,40.9008249
Casoria,NAPOLI,Campania,,1805991574,14.2834188999999,40.9008249
Casoria,NAPOLI,Campania,,1805992056,14.2826196,40.9014208999999
Forio,NAPOLI,Campania,,1654246795,13.8598508,40.7379547
Giugliano in Campania,NAPOLI,Campania,,2425845445,14.0881545,40.8905058
Ischia,NAPOLI,Campania,Frutta da Biase,1879111421,13.9429254,40.7328984
Napoli,NAPOLI,Campania,,1636450539,14.2592847,40.8944985999999
Napoli,NAPOLI,Campania,L'Orto,2497916621,14.2323635999999,40.8425936
Pozzuoli,NAPOLI,Campania,,2214548719,14.1260239999999,40.824762
Pozzuoli,NAPOLI,Campania,,3664620249,14.0809417,40.8644079999999
Pozzuoli,NAPOLI,Campania,,3664620318,14.0825221,40.8573444
Sant'Agnello,NAPOLI,Campania,,1997293338,14.4006962,40.6299149999999
Sorrento,NAPOLI,Campania,,2443492659,14.3682279,40.6246306
Sorrento,NAPOLI,Campania,mondo bio,2009657599,14.3784671,40.6248756
Torre Annunziata,NAPOLI,Campania,,3989026438,14.4534533,40.7536788999999
Torre Annunziata,NAPOLI,Campania,,3993290725,14.4509688999999,40.7542479
Torre Annunziata,NAPOLI,Campania,,3993549776,14.4573705,40.7525593
Torre Annunziata,NAPOLI,Campania,,3998240343,14.4532536,40.7549844999999
Torre Annunziata,NAPOLI,Campania,,4001554290,14.4591961,40.7568032
Torre Annunziata,NAPOLI,Campania,,4011065456,14.4632266,40.7527404
Torre Annunziata,NAPOLI,Campania,Cortofrutticola D&M,3992603102,14.4546334,40.7536425999999
Torre Annunziata,NAPOLI,Campania,Frutteria S. Francesco,3989859870,14.4553952,40.7516399
Torre Annunziata,NAPOLI,Campania,Ideak Frutta,4020209610,14.4667201,40.7497577
Torre Annunziata,NAPOLI,Campania,Il Mercantino della Frutta,4014391706,14.4652265,40.7493399
Torre Annunziata,NAPOLI,Campania,Macedonia,3989810800,14.4573227,40.7510276
Torre Annunziata,NAPOLI,Campania,MO.CE.,4014215644,14.4634727,40.7494439
Torre del Greco,NAPOLI,Campania,L'angolo della frutta,2004797712,14.3681452,40.7925435
Calitri,AVELLINO,Campania,,2602230673,15.4273977,40.9045089
Montella,AVELLINO,Campania,Castagne perrota,1925898174,15.0430887,40.8435334999999
Sturno,AVELLINO,Campania,Bernardina,2171915155,15.1119061,41.0200201999999
Camerota,SALERNO,Campania,,2506758603,15.3711182,39.998435
Campagna,SALERNO,Campania,,1293174312,15.1055680999999,40.6664178999999
Campagna,SALERNO,Campania,,2297364618,15.1065983999999,40.6635053999999
Campagna,SALERNO,Campania,,2297364641,15.1065527999999,40.6640221999999
Castellabate,SALERNO,Campania,,2764883940,14.9510658,40.2781549999999
Castellabate,SALERNO,Campania,Gemuesehaendler Die Frau,1676259500,14.9537498,40.3084698999999
Cava de' Tirreni,SALERNO,Campania,,3134781663,14.7093079,40.6980077999999
Celle di Bulgheria,SALERNO,Campania,Frutta e Verdura,1704392965,15.4041989,40.0955805999999
Celle di Bulgheria,SALERNO,Campania,Frutta e verdura di Guida Pietro,1702379757,15.4052006,40.0945042
Nocera Inferiore,SALERNO,Campania,,2975509807,14.6396617,40.7449184
Nocera Superiore,SALERNO,Campania,L'orto della Frutta e Verdura,2605914431,14.6878557,40.7519617
Pisciotta,SALERNO,Campania,La Palmenta - Azienda Agricola,2506811040,15.2269935,40.1029681999999
Rofrano,SALERNO,Campania,,2230842559,15.4267497,40.2114921
Sant'Egidio del Monte Albino,SALERNO,Campania,da Antonio,3479789189,14.594981,40.7397028999999
Atri,TERAMO,Abruzzo,,2335530712,13.926461,42.6143294999999
Atri,TERAMO,Abruzzo,,2335601718,13.9821651,42.5782122999999
Roseto degli Abruzzi,TERAMO,Abruzzo,,2411007324,13.977845,42.7306591999999
Teramo,TERAMO,Abruzzo,,3760980462,13.78294,42.6931731
Teramo,TERAMO,Abruzzo,,3763190531,13.7899779,42.6948481
Teramo,TERAMO,Abruzzo,IperFrutta,2477527094,13.695646,42.6596667
Montesilvano,PESCARA,Abruzzo,,657932440,14.1597765,42.5161903999999
Montesilvano,PESCARA,Abruzzo,Fruttilandia,663467805,14.1515833,42.5122062
Montesilvano,PESCARA,Abruzzo,Il Mercatino da Silvio,643172605,14.1439887,42.5112166999999
Penne,PESCARA,Abruzzo,,3106598775,13.9216236,42.4617525
Pescara,PESCARA,Abruzzo,da Massimo,638789598,14.1972261,42.4685796999999
Pescara,PESCARA,Abruzzo,Frutta d'Oro,1828025141,14.1997341,42.4754970999999
Pescara,PESCARA,Abruzzo,I Mille Frutti,650537265,14.1908407,42.4825433
Chieti,CHIETI,Abruzzo,,1511312347,14.1762172,42.3511706999999
Chieti,CHIETI,Abruzzo,,1515976988,14.1697402,42.3518193999999
Chieti,CHIETI,Abruzzo,,1561433124,14.1418839,42.3550814999999
Chieti,CHIETI,Abruzzo,,2688164425,14.1701383,42.3560722
Chieti,CHIETI,Abruzzo,Il Fruttivendolo,2985777327,14.1379648,42.3543841999999
Chieti,CHIETI,Abruzzo,un fruttarolo,1508588576,14.1724368999999,42.3521818999999
Francavilla al Mare,CHIETI,Abruzzo,Elisa,944236749,14.2753856999999,42.4293806
Lanciano,CHIETI,Abruzzo,,1705782241,14.4000173999999,42.2236241
San Giovanni Teatino,CHIETI,Abruzzo,La bella Sicilia,1218962935,14.1854812,42.4203985999999
Bojano,CAMPOBASSO,Molise,,2325419090,14.475033,41.4839813999999
Bojano,CAMPOBASSO,Molise,Maura,2325396969,14.4728791999999,41.484563
Bojano,CAMPOBASSO,Molise,Tagliaferri,3389764340,14.4733258,41.4854514
Salcito,CAMPOBASSO,Molise,,2072633919,14.5112757,41.7470772
Termoli,CAMPOBASSO,Molise,,1151890629,14.9937932,42.0014742999999
Termoli,CAMPOBASSO,Molise,Ortofrutta Gabriele,1151890701,14.9963009,42.0000963999999
Cerignola,FOGGIA,Puglia,Happy Fruit,3967896657,15.9075225,41.2639446
Manfredonia,FOGGIA,Puglia,Frutta e Verdura Giancarlo,1574350533,15.9068226,41.6237612999999
Orta Nova,FOGGIA,Puglia,Vendita diretta,1353111211,15.7246684,41.3523818999999
Peschici,FOGGIA,Puglia,,3675071325,16.0746708,41.9397074999999
Stornara,FOGGIA,Puglia,Maglione Frutta,2652371240,15.765397,41.2869718999999
Adelfia,BARI,Puglia,,2663991691,16.8700736999999,41.0032192999999
Adelfia,BARI,Puglia,,2664064067,16.8690275999999,41.0017921999999
Bari,BARI,Puglia,,1784656730,16.8598143,41.1035552999999
Bari,BARI,Puglia,,2660984266,16.8745817,41.1127078
Bari,BARI,Puglia,,2882564617,16.8573233999999,41.1196211999999
Bari,BARI,Puglia,,2882564681,16.8578154,41.1202309999999
Bari,BARI,Puglia,,3475116768,16.8798348,41.1050909
Castellana Grotte,BARI,Puglia,,2345837184,17.1678594999999,40.8871529999999
Monopoli,BARI,Puglia,Fruttivendolo,2418161965,17.3057839999999,40.9434054
Terlizzi,BARI,Puglia,,1250827843,16.5509844,41.1310058999999
Terlizzi,BARI,Puglia,,2390600391,16.5412529,41.1297647
Terlizzi,BARI,Puglia,,2390600396,16.5378383999999,41.1318677
Terlizzi,BARI,Puglia,Da Gianfranco,2390600394,16.5494762,41.1286636999999
Terlizzi,BARI,Puglia,Orchidea del Sud,3257820370,16.5476297,41.1304195
Crispiano,TARANTO,Puglia,,1706620886,17.2373784,40.6037754
Crispiano,TARANTO,Puglia,,1706620891,17.2267420999999,40.6064610999999
Crispiano,TARANTO,Puglia,,1706628257,17.2293398,40.6058055999999
Crispiano,TARANTO,Puglia,,1707878102,17.2356215,40.6090128
Crispiano,TARANTO,Puglia,,1707878110,17.2367199999999,40.6055691999999
Crispiano,TARANTO,Puglia,,1708117787,17.2329922,40.6052663999999
Grottaglie,TARANTO,Puglia,L'ortoftutticola Ligorio,2529079289,17.4366004,40.5314272999999
Martina Franca,TARANTO,Puglia,,3114939008,17.3442149,40.7035964
Massafra,TARANTO,Puglia,,1448678768,17.1146905999999,40.584992
Massafra,TARANTO,Puglia,,1429073526,17.1232013999999,40.5879094
Massafra,TARANTO,Puglia,Centro Frutta,1490261945,17.1221515999999,40.5862337
Massafra,TARANTO,Puglia,Il nuovo arcobaleno,1446949159,17.1182728,40.5910385999999
Massafra,TARANTO,Puglia,Vivai Balestra,1897212196,17.0616486999999,40.5522374
Ceglie Messapica,BRINDISI,Puglia,,3788146051,17.5205872999999,40.6453291999999
Ceglie Messapica,BRINDISI,Puglia,,3789195227,17.5176212,40.6447081
Ceglie Messapica,BRINDISI,Puglia,,3883328706,17.5157425,40.643664
Ceglie Messapica,BRINDISI,Puglia,,4000782721,17.5148696,40.6446544
Ceglie Messapica,BRINDISI,Puglia,La Frutteria,3792732412,17.5199749,40.6447707
Ceglie Messapica,BRINDISI,Puglia,Tutti Frutti,3885972694,17.5152731,40.6427245
Cellino San Marco,BRINDISI,Puglia,Mercato Coperto,3405252529,17.9644204,40.4709323
Carpignano Salentino,LECCE,Puglia,,1515963006,18.3322743,40.1922391
Cutrofiano,LECCE,Puglia,,883495108,18.2040529,40.1266887999999
Galatina,LECCE,Puglia,,2172645465,18.1694837,40.1707455
Galatina,LECCE,Puglia,Levanto,2172645443,18.1694429,40.1709809
Gallipoli,LECCE,Puglia,Il Piccolo Ortofrutta Da Alfredo,3749422171,17.9764553999999,40.0543575
Lecce,LECCE,Puglia,Terramica,3682362225,18.1733085999999,40.3522223
Melfi,POTENZA,Basilicata,,3481332975,15.6453912,40.9919981
Potenza,POTENZA,Basilicata,,2222644826,15.8318677,40.6435425
Potenza,POTENZA,Basilicata,,2231233481,15.8005554,40.6272264999999
Potenza,POTENZA,Basilicata,,3733707534,15.803997,40.6431169999999
Potenza,POTENZA,Basilicata,Frutta E Verdura,3751792525,15.794756,40.6492569999999
Potenza,POTENZA,Basilicata,Frutta e Verdura - Rocco La Notte,1655997386,15.8373716,40.6348695
Potenza,POTENZA,Basilicata,Sfizi Di Natura,3751908525,15.793469,40.649908
Potenza,POTENZA,Basilicata,Tramutola,2214894393,15.7941559,40.6463714
Tito,POTENZA,Basilicata,,2513429907,15.6762534,40.581203
Tito,POTENZA,Basilicata,Saluzzi,2518417810,15.7000338999999,40.6076373
Matera,MATERA,Basilicata,Fruttivendolo,2514918496,16.5851134999999,40.6727496
Pisticci,MATERA,Basilicata,,1763355410,16.555384,40.3897613
Bisignano,COSENZA,Calabria,,3740284906,16.2851965999999,39.5125097999999
Bisignano,COSENZA,Calabria,,3740284902,16.2863374,39.5124153
Campana,COSENZA,Calabria,,2056870659,16.8207771999999,39.4129866999999
Orsomarso,COSENZA,Calabria,,2350116961,15.9081423,39.7989889999999
San Demetrio Corone,COSENZA,Calabria,Ortofrutta Dima,3899097142,16.359658,39.5684097999999
Spezzano della Sila,COSENZA,Calabria,,3786738770,16.3434950999999,39.2967197999999
Tortora,COSENZA,Calabria,,3134811088,15.7651305,39.9155632
Tortora,COSENZA,Calabria,,3134811089,15.7649212999999,39.9195397
Tortora,COSENZA,Calabria,,3134892999,15.765101,39.9181018
Tortora,COSENZA,Calabria,,3134894276,15.7641462,39.9172748
Tortora,COSENZA,Calabria,,3641178320,15.7709863,39.9116152
Feroleto Antico,CATANZARO,Calabria,Minimarket Palmieri,3170285134,16.3881887999999,38.9609312999999
Maida,CATANZARO,Calabria,Fruttivendolo,3084805246,16.4078023,38.8888316999999
Locri,REGGIO CALABRIA,Calabria,Oleificio Capogreco,1853388571,16.2439542999999,38.2181081
Melito di Porto Salvo,REGGIO CALABRIA,Calabria,,2955077588,15.7740779,37.9198019999999
Palmi,REGGIO CALABRIA,Calabria,Il Paradiso della frutta,3158322007,15.8846623,38.3937126
Castellammare del Golfo,TRAPANI,Sicilia,Mercado Fruta e Verdura,3949990677,12.8826199,38.0277401
Marsala,TRAPANI,Sicilia,,3792862112,12.4943189,37.8722896
Mazara del Vallo,TRAPANI,Sicilia,,2037987504,12.5993625999999,37.6496800999999
Mazara del Vallo,TRAPANI,Sicilia,Frutta Verdura,1315468799,12.6006993,37.6509397
Mazara del Vallo,TRAPANI,Sicilia,Oasi della Frutta,951392451,12.5950649,37.6503135999999
Pantelleria,TRAPANI,Sicilia,,2463230084,11.9423373,36.8301102
Pantelleria,TRAPANI,Sicilia,Casa della frutta,2468992955,11.9448908,36.8323669999999
San Vito Lo Capo,TRAPANI,Sicilia,,3105968048,12.7364618,38.1752272
San Vito Lo Capo,TRAPANI,Sicilia,Il Giardino della Frutta,1479192457,12.7345974,38.1720157999999
Bagheria,PALERMO,Sicilia,Le delizie della terra,3594745912,13.5066887,38.0816785999999
Pollina,PALERMO,Sicilia,Alimentari Casalinghi,1967284903,14.1593331,38.020133
Barcellona Pozzo di Gotto,MESSINA,Sicilia,,3673356241,15.196794,38.1718638999999
Lipari,MESSINA,Sicilia,,1256567907,14.92872,38.474299
Lipari,MESSINA,Sicilia,,1296835835,14.9279964,38.4734727
Lipari,MESSINA,Sicilia,,1703413264,14.9544470999999,38.4646590999999
Lipari,MESSINA,Sicilia,,2317583936,14.9616829,38.4944370999999
Messina,MESSINA,Sicilia,,3921669966,15.5508389,38.1866401999999
Messina,MESSINA,Sicilia,La Bottega di Frutta e Verdura,3885922413,15.5504681999999,38.1857532
Messina,MESSINA,Sicilia,Orto e Frutta,3128979769,15.5519742,38.1836521999999
Messina,MESSINA,Sicilia,Ortofrutta,3118248687,15.5531948999999,38.1838136
Milazzo,MESSINA,Sicilia,,2759419791,15.2408979,38.1773172999999
Milazzo,MESSINA,Sicilia,,1524395646,15.2376966,38.2201965
Milazzo,MESSINA,Sicilia,,3346237773,15.2503569999999,38.2043962999999
Milazzo,MESSINA,Sicilia,,2370292416,15.2391445999999,38.2186226999999
Milazzo,MESSINA,Sicilia,Da Piero,3195401633,15.2412442,38.2146578999999
Milazzo,MESSINA,Sicilia,Foti,2776818185,15.2399393,38.2255954
Milazzo,MESSINA,Sicilia,Fruttapia,2852902011,15.2372066,38.2189995
Milazzo,MESSINA,Sicilia,La frutteria,1515665617,15.2380894,38.2259432
Milazzo,MESSINA,Sicilia,La Luciese,2740045355,15.2385986,38.2162180999999
Milazzo,MESSINA,Sicilia,La Luciese,2817995848,15.2380444,38.221865
Milazzo,MESSINA,Sicilia,Le Roi des fruits,3212799768,15.2374895,38.2192695999999
Milazzo,MESSINA,Sicilia,Pasteria del sole,2817995854,15.2409807,38.2211266999999
Milazzo,MESSINA,Sicilia,Sapori dei monti,2794660698,15.2399138999999,38.2193194
Pace del Mela,MESSINA,Sicilia,,2476841714,15.3217544,38.2020933
San Filippo del Mela,MESSINA,Sicilia,,3087209957,15.2795901999999,38.1951581
San Filippo del Mela,MESSINA,Sicilia,,3195401640,15.2642153,38.1744837
San Filippo del Mela,MESSINA,Sicilia,Da Rocco,2476841715,15.266778,38.1795637
San Filippo del Mela,MESSINA,Sicilia,Non Solo Frutta,3212799769,15.2657732999999,38.1768277999999
Valdina,MESSINA,Sicilia,Pippo Zizzo,2472476330,15.3596143,38.2162347
Agrigento,AGRIGENTO,Sicilia,,2002999224,13.5871375,37.2705027
Agrigento,AGRIGENTO,Sicilia,,2002999235,13.5830686,37.2697002
Agrigento,AGRIGENTO,Sicilia,Gallo Cassarino (Toto),2260167125,13.5755155,37.3159240999999
Agrigento,AGRIGENTO,Sicilia,Navarra,2260167118,13.5744453,37.3156041
Cianciana,AGRIGENTO,Sicilia,Frantoio,2315856829,13.4357805,37.5284788
Cianciana,AGRIGENTO,Sicilia,Fruttivendolo,2319485906,13.4344796,37.5212247999999
Gela,CALTANISSETTA,Sicilia,,3270867557,14.2286298,37.0723375
Gela,CALTANISSETTA,Sicilia,,3261484032,14.2352817,37.0720274
Gela,CALTANISSETTA,Sicilia,Mediterraneo Market,3053037666,14.2104675999999,37.0784319999999
Gela,CALTANISSETTA,Sicilia,Melaverde,3272615273,14.2287589,37.0743872999999
Niscemi,CALTANISSETTA,Sicilia,Ortofrutta Ferrera S.R.L.,2620774595,14.4143995,37.1572109999999
Acireale,CATANIA,Sicilia,,2536840385,15.1623272,37.6222161
Aci Sant'Antonio,CATANIA,Sicilia,,2214580946,15.1260387,37.6087177
Bronte,CATANIA,Sicilia,Coop. Verde Agricolo,1324058893,14.8426215999999,37.7913131999999
Catania,CATANIA,Sicilia,,521708335,15.0561779,37.5086926
Catania,CATANIA,Sicilia,,2400616674,15.0833898,37.5214585
Catania,CATANIA,Sicilia,Eurofrutta frutta e verdura,1057528594,15.0829885,37.5162781
Catania,CATANIA,Sicilia,Fruitland,2192384664,15.0827794,37.5357267999999
Catania,CATANIA,Sicilia,Fruitshop,2640805877,15.0942317999999,37.5205321999999
Catania,CATANIA,Sicilia,Frutta e Verdura,1013801282,15.0873826999999,37.5181534999999
Catania,CATANIA,Sicilia,Frutta e Verdura,2279738959,15.0947919,37.5177674999999
Catania,CATANIA,Sicilia,Frutta e Verdura Self Service,2640805878,15.0897837,37.5188198999999
Catania,CATANIA,Sicilia,Fruttivendolo,2622428740,15.0732868999999,37.5112893
Catania,CATANIA,Sicilia,Il Paradiso della Frutta,1059103541,15.0775074,37.5153353999999
Catania,CATANIA,Sicilia,La Migliore Frutta da Franco,1055490902,15.0762886,37.5152100999999
Catania,CATANIA,Sicilia,L'Angolo delle Delizie,2640805880,15.0951459,37.5208133
Catania,CATANIA,Sicilia,Ortofrutta,2640806179,15.0904585,37.5178793999999
Catania,CATANIA,Sicilia,Ortofrutta,2685415525,15.0853479,37.5240093999999
Catania,CATANIA,Sicilia,Ortofrutta,3635268321,15.1024707,37.5183202999999
Catania,CATANIA,Sicilia,Ortofrutta,3656904471,15.0967497,37.5202478
Catania,CATANIA,Sicilia,Roberto Frutta,2941615607,15.0780232,37.5189055999999
Catania,CATANIA,Sicilia,Self Service Ortofrutta,1371265505,15.083254,37.523715
San Pietro Clarenza,CATANIA,Sicilia,,2112493086,15.0212001,37.5718571999999
Acate,RAGUSA,Sicilia,,1033653835,14.494576,37.0233891999999
Comiso,RAGUSA,Sicilia,Fruit and Fruit,1029727145,14.6054822,36.9573213999999
Castelsardo,SASSARI,Sardegna,,1912121756,8.70921899999999,40.913836
Castelsardo,SASSARI,Sardegna,,1937292290,8.7126794,40.9131063
Castelsardo,SASSARI,Sardegna,,1941707480,8.71091479999999,40.9139794
Castelsardo,SASSARI,Sardegna,,1941707497,8.7103261,40.9143114
Valledoria,SASSARI,Sardegna,Frutta & Verdura,3094565400,8.8072096,40.9243656
Bortigali,NUORO,Sardegna,,2058661632,8.8363069,40.2829754999999
Bortigali,NUORO,Sardegna,La Bottega del gusto,2058652639,8.8344293,40.2825723999999
Dorgali,NUORO,Sardegna,,2257976244,9.586116,40.2974667
Mamoiada,NUORO,Sardegna,Ortofrutta Zamburru,2520431457,9.2839731,40.2142533999999
Nuoro,NUORO,Sardegna,Vendita frutta e verdura,2728887836,9.3311742,40.3194082999999
Orgosolo,NUORO,Sardegna,,1780112262,9.3517794,40.2045599
Orgosolo,NUORO,Sardegna,,1780112265,9.3516668,40.2052583999999
Siniscola,NUORO,Sardegna,,1609792204,9.777863,40.5810909
Cagliari,CAGLIARI,Sardegna,Fresco Di,3139868136,9.1089202,39.2174643999999
San Vito,CAGLIARI,Sardegna,,3640273897,9.5637737,39.3588855
Siliqua,CAGLIARI,Sardegna,Frutta Biologica,1353708547,8.7684246,39.2710579
Teulada,CAGLIARI,Sardegna,,3160154247,8.7742845,38.9672023999999
Uta,CAGLIARI,Sardegna,Frutta e Verdura,1680469394,8.9562547,39.2897682999999
Villaputzu,CAGLIARI,Sardegna,,3640252357,9.59877799999999,39.4335807
Casarsa della Delizia,PORDENONE,Friuli-Venezia Giulia,Ellero,709976795,12.8424121,45.9561442999999
Chions,PORDENONE,Friuli-Venezia Giulia,Ortofrutta Mauro,2546973629,12.7131498,45.8468203999999
Cordovado,PORDENONE,Friuli-Venezia Giulia,,2504786646,12.8807419,45.8459033999999
Fiume Veneto,PORDENONE,Friuli-Venezia Giulia,Blu Ciliegia,2612398996,12.7313846,45.9286437
Maniago,PORDENONE,Friuli-Venezia Giulia,,3481367495,12.7048615999999,46.1692734
Morsano al Tagliamento,PORDENONE,Friuli-Venezia Giulia,Casa della Frutta,2492627181,12.9645864,45.846457
Pordenone,PORDENONE,Friuli-Venezia Giulia,Fruit ingross,1256546469,12.6448605,45.9726879999999
Pordenone,PORDENONE,Friuli-Venezia Giulia,Frutta all'ingrosso,1510285864,12.6610224,45.9501897999999
Sacile,PORDENONE,Friuli-Venezia Giulia,Sacilfrutta,3311868262,12.5001704999999,45.9508385
Pozzilli,ISERNIA,Molise,,3793151834,14.0599025999999,41.5120999999999
Roccamandolfi,ISERNIA,Molise,,3632944778,14.3493651999999,41.4928646999999
Abbasanta,ORISTANO,Sardegna,L'Orticello,3349773337,8.81991539999999,40.1243677
Baratili San Pietro,ORISTANO,Sardegna,,2310430303,8.5572227,39.9925063
Cuglieri,ORISTANO,Sardegna,,2305488638,8.56826809999999,40.1875931
Cuglieri,ORISTANO,Sardegna,L'Orticello,2306435244,8.56788139999999,40.1896224999999
Mogoro,ORISTANO,Sardegna,,2614780662,8.7784952,39.6846487999999
Mogoro,ORISTANO,Sardegna,,2614780873,8.7786588,39.6844094
Mogoro,ORISTANO,Sardegna,,2614874089,8.7759111,39.6845749
Narbolia,ORISTANO,Sardegna,Frutta e Verdura,1579747682,8.5745109,40.0477787
Oristano,ORISTANO,Sardegna,,3242144986,8.6013848,39.9081809999999
Oristano,ORISTANO,Sardegna,Agricola Campidanese,3275241595,8.5956835,39.9084733999999
Oristano,ORISTANO,Sardegna,Frutta & verdura Mori Giulia,1416158724,8.5942302,39.9060081
Riola Sardo,ORISTANO,Sardegna,,3048961308,8.5402602,39.9945742
San Vero Milis,ORISTANO,Sardegna,Da Maria Frutta e Verdura,2817659491,8.5989776,40.0133449
Simaxis,ORISTANO,Sardegna,,3233300923,8.6926056,39.9301715
Solarussa,ORISTANO,Sardegna,,3233105603,8.6752406,39.9557545999999
Solarussa,ORISTANO,Sardegna,,3233105605,8.6755823,39.9557779
Terralba,ORISTANO,Sardegna,,3726364824,8.63290759999999,39.7246487
Terralba,ORISTANO,Sardegna,Frutta e verdura,2048445493,8.63493989999999,39.7193181
Galbiate (LC),LECCO,Lombardia,,2485561429,9.3737748,45.8172619999999
VERDERIO,LECCO,Lombardia,Burbello Spaccio Agricolo,3433672665,9.4429774,45.65581
Casalpusterlengo (LO),LODI,Lombardia,,951530517,9.6484207,45.1765493999999
Cavenago d'Adda (LO),LODI,Lombardia,Vallicella Ortofrutta,3381238919,9.6052163,45.2828579999999
Lodi (LO),LODI,Lombardia,,3800199607,9.4903568,45.3049839
Riccione (RN),RIMINI,Emilia-Romagna,,2684307500,12.6493436,43.9938130999999
Riccione (RN),RIMINI,Emilia-Romagna,,867399652,12.6334912,44.0019247999999
Rimini (RN),RIMINI,Emilia-Romagna,Fruit&Co Di Gagliardi Antonio,1598846168,12.5646239,44.0456781
Pennabilli (RN),RIMINI,Emilia-Romagna,,3632871155,12.2663078999999,43.8175873
Prato (PO),PRATO,Toscana,Ortofrutta,2169123527,11.1061973,43.8359359999999
Crotone (KR),CROTONE,Calabria,,2445405063,17.1257425,39.0822624999999
Crotone (KR),CROTONE,Calabria,,2486238943,17.1345071,39.0806794
Crotone (KR),CROTONE,Calabria,,2503976895,17.126003,39.0783758999999
Crotone (KR),CROTONE,Calabria,,2511251107,17.1313281,39.0776982
Crotone (KR),CROTONE,Calabria,,2504068003,17.1233565,39.0818292
Crotone (KR),CROTONE,Calabria,,2642203944,17.1325357999999,39.0790471999999
Isola di Capo Rizzuto (KR),CROTONE,Calabria,,2893376054,17.0713812,39.0078748999999
Rocca di Neto (KR),CROTONE,Calabria,,2271883958,17.0169403,39.1799029
Verbania (VB),VERBANIA,Piemonte,Frutta Petrello,1431290607,8.5530319,45.9234934999999
Budoni (OT),OLBIA-TEMPIO,Sardegna,,1723352500,9.7048854,40.7039511999999
Trinita d'Agultu e Vignola,OLBIA-TEMPIO,Sardegna,L'Ortolano,3607821204,8.9031951,40.9985611
Baunei (OG),OGLIASTRA,Sardegna,Ogliastra Distribuzione SRL,3868112698,9.68703769999999,39.9877814
Tortola,OGLIASTRA,Sardegna,,795970896,9.6987047,39.930587
Tortola,OGLIASTRA,Sardegna,,793972581,9.6550777,39.9239237
Serramanna (VS),MEDIO CAMPIDANO,Sardegna,,2109401753,8.929268,39.4197889
Serrenti (VS),MEDIO CAMPIDANO,Sardegna,,2689933344,8.9774683,39.4943442
Nuxis (CI),CARBONIA IGLESIAS,Sardegna,Frutta e verdura,1794640789,8.73972509999999,39.1537628999999
Cogliate (MB),MONZA E DELLA BRIANZA,Lombardia,,3884733439,9.0817967,45.6422755999999
Limbiate (MB),MONZA E DELLA BRIANZA,Lombardia,Orto del sole,3486151146,9.1369785,45.6116784999999
Monza (MB),MONZA E DELLA BRIANZA,Lombardia,,2453391451,9.26934969999999,45.5884910999999
Monza (MB),MONZA E DELLA BRIANZA,Lombardia,,3109442970,9.2658782,45.5715131999999
Monza (MB),MONZA E DELLA BRIANZA,Lombardia,Frutta Amica,4016038827,9.25456329999999,45.5700582999999
Monza (MB),MONZA E DELLA BRIANZA,Lombardia,Frutta e verdura Edoardo,2731925412,9.2795124,45.5838224
Monza (MB),MONZA E DELLA BRIANZA,Lombardia,Frutteto Compribene,3729387249,9.2844433,45.5694479
Monza (MB),MONZA E DELLA BRIANZA,Lombardia,Frutteto Umberto,2435803922,9.28881999999999,45.5814092
Monza (MB),MONZA E DELLA BRIANZA,Lombardia,Il Frutteto,3899440279,9.2682039,45.5872661
Monza (MB),MONZA E DELLA BRIANZA,Lombardia,L'Orto del Centro,2381660404,9.2766006,45.5823374
Monza (MB),MONZA E DELLA BRIANZA,Lombardia,L'Orto di Via Dante,3374939921,9.2722739,45.5881392
Monza (MB),MONZA E DELLA BRIANZA,Lombardia,Ortofrutta Beretta,2858899726,9.29267499999999,45.579427
Monza (MB),MONZA E DELLA BRIANZA,Lombardia,Ortofrutta Fratelli Bendin,3386584892,9.2597592,45.5734727999999
Monza (MB),MONZA E DELLA BRIANZA,Lombardia,Ortofrutta Fratelli Bendin,2445019689,9.269558,45.5771554
Monza (MB),MONZA E DELLA BRIANZA,Lombardia,Ortofrutta Monza,2464378342,9.2839446,45.5853089
Monza (MB),MONZA E DELLA BRIANZA,Lombardia,Ortofrutta Monzese,2925119617,9.2630839,45.5889658999999
Monza (MB),MONZA E DELLA BRIANZA,Lombardia,Ortofrutticola Monzese,2518658041,9.2924738,45.593501
Monza (MB),MONZA E DELLA BRIANZA,Lombardia,Palfruit,2471449111,9.278802,45.5771305
Seregno (MB),MONZA E DELLA BRIANZA,Lombardia,Copernico Gaetano,3452787861,9.202738,45.6414700999999
Seregno (MB),MONZA E DELLA BRIANZA,Lombardia,Il mangiaprezzo,3216672501,9.1774678,45.6558925
Caponago (MB),MONZA E DELLA BRIANZA,Lombardia,Frutteto Mario,2247032351,9.3729204,45.5662608
Servigliano (FM),FERMO,Marche,,1217649848,13.4915413,43.0808255
Barletta (BT),BARLETTA ANDRIA TRANI,Puglia,,630736129,16.2726836,41.3105718999999
Barletta (BT),BARLETTA ANDRIA TRANI,Puglia,,630736132,16.2716950999999,41.3144001
Barletta (BT),BARLETTA ANDRIA TRANI,Puglia,,633021875,16.2706324,41.3082648999999
Barletta (BT),BARLETTA ANDRIA TRANI,Puglia,,633021904,16.2673159,41.3109933
Canosa di Puglia (BT),BARLETTA ANDRIA TRANI,Puglia,,4004485314,16.0641605,41.2245895
Canosa di Puglia (BT),BARLETTA ANDRIA TRANI,Puglia,,4004485335,16.0661118,41.2239842999999
Trani (BT),BARLETTA ANDRIA TRANI,Puglia,,482836944,16.4322079999999,41.2672895999999
